abandon	動	放棄する	abandon a plan	計画を放棄する
ability	名	能力	innate ability	生まれつきの能力
abolish	動	廃止する	abolish a law	法律を廃止する
abroad	副	海外で	study abroad	海外で学ぶ
absence	名	不在	in one's absence	不在のあいだに
absolute	形	絶対的な	absolute certainty	絶対的な確信
absorb	動	吸収する	absorb moisture	水分を吸収する
abstract	形	抽象的な	abstract concept	抽象的な概念
abundant	形	豊富な	abundant resources	豊富な資源
abuse	名	乱用	abuse of power	権力の乱用
academic	形	学術の	academic research	学術研究
accelerate	動	加速する	accelerate growth	成長を加速する
accept	動	受け入れる	accept an offer	申し出を受け入れる
access	名	利用する権利	gain access	利用権を得る
accident	名	事故	traffic accident	交通事故
accommodate	動	収容する	accommodate guests	客を収容する
accompany	動	同行する	accompany a visitor	来訪者に同行する
accomplish	動	成し遂げる	accomplish a task	課題を成し遂げる
accord	名	協定	reach an accord	協定に達する
account	名	説明	give an account	説明を述べる
accumulate	動	蓄積する	accumulate wealth	富を蓄積する
accurate	形	正確な	accurate estimate	正確な見積もり
accuse	動	非難する	accuse of fraud	詐欺で非難する
achieve	動	達成する	achieve a goal	目標を達成する
acknowledge	動	認める	acknowledge a mistake	誤りを認める
acquire	動	習得する	acquire a skill	技能を習得する
adapt	動	適応する	adapt to change	変化に適応する
adequate	形	十分な	adequate funding	十分な資金
adjust	動	調整する	adjust the settings	設定を調整する
administer	動	運営する	administer a program	事業を運営する
admire	動	賞賛する	admire courage	勇気を賞賛する
admit	動	認める	admit an error	誤りを認める
adopt	動	採用する	adopt a policy	方針を採用する
advance	動	前進する	advance a theory	理論を前進させる
advantage	名	利点	competitive advantage	競争上の利点
adventure	名	冒険	seek adventure	冒険を求める
advertise	動	宣伝する	advertise a product	製品を宣伝する
advice	名	助言	sound advice	的確な助言
advise	動	助言する	advise caution	慎重さを助言する
advocate	動	提唱する	advocate reform	改革を提唱する
affect	動	影響する	affect the outcome	結果に影響する
afford	動	余裕がある	afford a delay	遅れを許容できる
agency	名	機関	government agency	政府機関
agenda	名	議題	set the agenda	議題を設定する
agent	名	代理人	travel agent	旅行代理人
aggressive	形	積極的な	aggressive strategy	積極的な戦略
agriculture	名	農業	modern agriculture	近代農業
aid	名	援助	financial aid	資金援助
aim	名	目的	primary aim	主要な目的
alarm	名	警報	raise the alarm	警報を発する
alert	形	油断のない	stay alert	油断しない
alien	形	異質な	alien culture	異質な文化
allege	動	申し立てる	allege misconduct	不正を申し立てる
alliance	名	同盟	form an alliance	同盟を結ぶ
allocate	動	割り当てる	allocate resources	資源を割り当てる
alter	動	変更する	alter a schedule	予定を変更する
alternative	名	代替案	viable alternative	実行可能な代替案
amateur	名	素人	amateur musician	アマチュア音楽家
amaze	動	驚かせる	amaze the audience	聴衆を驚かせる
ambition	名	野心	political ambition	政治的野心
amend	動	修正する	amend a rule	規則を修正する
amount	名	量	a large amount	大量
ample	形	十分な	ample evidence	十分な証拠
analysis	名	分析	data analysis	データ分析
ancestor	名	祖先	distant ancestor	遠い祖先
ancient	形	古代の	ancient civilization	古代文明
anger	名	怒り	suppress anger	怒りを抑える
angle	名	角度	from another angle	別の角度から
announce	動	発表する	announce a decision	決定を発表する
annual	形	年次の	annual report	年次報告書
anonymous	形	匿名の	anonymous source	匿名の情報源
anticipate	動	予想する	anticipate demand	需要を予想する
anxiety	名	不安	reduce anxiety	不安を減らす
anxious	形	心配して	anxious about exams	試験を心配して
apology	名	謝罪	offer an apology	謝罪する
apparent	形	明らかな	apparent contradiction	明らかな矛盾
appeal	動	訴える	appeal to voters	有権者に訴える
appear	動	現れる	appear in public	公の場に現れる
appetite	名	欲求	appetite for risk	リスクへの欲求
apply	動	申し込む	apply for admission	入学を申し込む
appoint	動	任命する	appoint a director	所長を任命する
appreciate	動	感謝する	appreciate support	支援に感謝する
approach	動	近づく	approach a problem	問題に取り組む
appropriate	形	適切な	appropriate response	適切な対応
approve	動	承認する	approve a request	申請を承認する
approximate	形	おおよその	approximate figure	おおよその数値
arbitrary	形	任意の	arbitrary decision	任意の決定
architecture	名	建築	modern architecture	近代建築
argue	動	主張する	argue a point	論点を主張する
arise	動	生じる	problems arise	問題が生じる
arrange	動	手配する	arrange a meeting	会合を手配する
arrest	動	逮捕する	arrest a suspect	容疑者を逮捕する
arrogant	形	傲慢な	arrogant attitude	傲慢な態度
article	名	記事	newspaper article	新聞記事
artificial	形	人工の	artificial intelligence	人工知能
ashamed	形	恥ずかしい	feel ashamed	恥ずかしいと思う
aspect	名	側面	key aspect	重要な側面
assault	名	攻撃	verbal assault	言葉による攻撃
assemble	動	組み立てる	assemble parts	部品を組み立てる
assert	動	主張する	assert a right	権利を主張する
assess	動	評価する	assess damage	被害を評価する
asset	名	資産	valuable asset	貴重な資産
assign	動	割り当てる	assign a task	課題を割り当てる
assist	動	援助する	assist a patient	患者を援助する
associate	動	関連づける	associate with quality	品質と関連づける
assume	動	仮定する	assume responsibility	責任を引き受ける
assure	動	保証する	assure safety	安全を保証する
astonish	動	驚かせる	astonish critics	批評家を驚かせる
athlete	名	競技者	elite athlete	一流競技者
atmosphere	名	雰囲気	tense atmosphere	緊張した雰囲気
attach	動	添付する	attach a file	ファイルを添付する
attack	動	攻撃する	attack a claim	主張を攻撃する
attain	動	達成する	attain success	成功を収める
attempt	動	試みる	attempt a rescue	救助を試みる
attend	動	出席する	attend a lecture	講義に出席する
attitude	名	態度	positive attitude	前向きな態度
attract	動	引きつける	attract attention	注目を集める
attribute	動	帰属させる	attribute to luck	運のせいとする
audience	名	聴衆	captive audience	逃げ場のない聴衆
authentic	形	本物の	authentic document	本物の文書
author	名	著者	the lead author	筆頭著者
authority	名	権限	legal authority	法的権限
automatic	形	自動の	automatic process	自動処理
available	形	利用できる	available data	利用可能なデータ
average	形	平均の	average score	平均点
avoid	動	避ける	avoid conflict	対立を避ける
await	動	待つ	await a reply	返信を待つ
award	名	賞	receive an award	賞を受ける
aware	形	気づいている	fully aware	十分に気づいている
awkward	形	ぎこちない	awkward silence	気まずい沈黙
background	名	背景	historical background	歴史的背景
bacteria	名	細菌	harmful bacteria	有害な細菌
balance	名	均衡	keep a balance	均衡を保つ
ban	動	禁止する	ban smoking	喫煙を禁止する
bargain	名	取引	strike a bargain	取引をまとめる
barrier	名	障壁	trade barrier	貿易障壁
basis	名	根拠	on a daily basis	日常的に
behave	動	振る舞う	behave rationally	理性的に振る舞う
behavior	名	行動	social behavior	社会的行動
belief	名	信念	religious belief	宗教的信念
belong	動	属する	belong to a group	集団に属する
beneficial	形	有益な	beneficial effect	有益な効果
benefit	名	利益	mutual benefit	相互の利益
betray	動	裏切る	betray trust	信頼を裏切る
bias	名	偏見	cultural bias	文化的偏見
bind	動	拘束する	bind by contract	契約で拘束する
biology	名	生物学	molecular biology	分子生物学
bitter	形	苦い	bitter dispute	激しい争い
blame	動	非難する	blame the weather	天候のせいにする
blank	形	空白の	blank expression	無表情
blast	名	爆発	a loud blast	大きな爆発音
blend	動	混ぜる	blend cultures	文化を融合する
block	動	妨げる	block a proposal	提案を妨げる
bloom	動	咲く	flowers bloom	花が咲く
boast	動	自慢する	boast of success	成功を自慢する
bold	形	大胆な	bold decision	大胆な決定
bond	名	絆	social bond	社会的な絆
boom	名	急成長	economic boom	経済の急成長
boost	動	押し上げる	boost morale	士気を高める
border	名	国境	cross the border	国境を越える
bore	動	退屈させる	bore the class	授業を退屈させる
bother	動	悩ます	bother a neighbor	隣人を悩ます
bound	形	〜しそうな	bound to fail	失敗しそうな
boundary	名	境界	national boundary	国の境界
branch	名	部門	a local branch	地方支部
brand	名	商標	famous brand	有名な商標
brave	形	勇敢な	brave attempt	勇敢な試み
breed	動	繁殖させる	breed livestock	家畜を繁殖させる
brief	形	簡潔な	brief summary	簡潔な要約
brilliant	形	輝かしい	brilliant idea	輝かしい発想
broaden	動	広げる	broaden knowledge	知識を広げる
budget	名	予算	annual budget	年間予算
bulk	名	大部分	the bulk of	大部分の
burden	名	負担	financial burden	金銭的負担
bureaucracy	名	官僚制	rigid bureaucracy	硬直した官僚制
burst	動	破裂する	burst into tears	突然泣き出す
calculate	動	計算する	calculate the cost	費用を計算する
campaign	名	運動	election campaign	選挙運動
cancel	動	取り消す	cancel a flight	便を取り消す
candidate	名	候補者	job candidate	求職の候補者
capable	形	能力がある	capable leader	有能な指導者
capacity	名	能力	full capacity	フル稼働
capture	動	捕らえる	capture attention	注意を捉える
career	名	経歴	academic career	学問上の経歴
cargo	名	貨物	cargo ship	貨物船
carve	動	彫る	carve a statue	像を彫る
cast	動	投げる	cast a vote	票を投じる
casual	形	何気ない	casual remark	何気ない発言
catalog	名	目録	course catalog	科目目録
catastrophe	名	大災害	natural catastrophe	自然の大災害
category	名	範疇	broad category	広い範疇
cause	名	原因	root cause	根本原因
caution	名	慎重さ	exercise caution	慎重に行動する
cease	動	やめる	cease operations	操業をやめる
celebrate	動	祝う	celebrate a victory	勝利を祝う
cell	名	細胞	nerve cell	神経細胞
ceremony	名	式典	opening ceremony	開会式
certificate	名	証明書	birth certificate	出生証明書
challenge	名	難題	face a challenge	難題に直面する
champion	名	擁護者	champion of rights	権利の擁護者
chaos	名	混乱	political chaos	政治的混乱
character	名	性格	strong character	強い性格
characteristic	名	特徴	key characteristic	主要な特徴
charge	動	課す	charge a fee	料金を課す
charity	名	慈善	charity event	慈善行事
charm	名	魅力	natural charm	自然な魅力
chase	動	追う	chase a dream	夢を追う
cheat	動	欺く	cheat on a test	試験で不正をする
chemical	形	化学の	chemical reaction	化学反応
chief	形	主要な	chief concern	主要な懸念
choke	動	窒息する	choke on smoke	煙で息が詰まる
circumstance	名	状況	under the circumstances	その状況では
cite	動	引用する	cite a source	出典を引用する
citizen	名	市民	private citizen	一般市民
civil	形	市民の	civil rights	市民権
claim	動	主張する	claim victory	勝利を主張する
clarify	動	明らかにする	clarify a point	論点を明らかにする
classic	形	典型的な	classic example	典型的な例
classify	動	分類する	classify species	種を分類する
clause	名	条項	a legal clause	法的条項
client	名	依頼人	regular client	常連の依頼人
climate	名	気候	climate change	気候変動
clue	名	手がかり	vital clue	重要な手がかり
coach	名	指導者	team coach	チームの指導者
code	名	規範	moral code	道徳規範
collapse	動	崩壊する	collapse under pressure	圧力で崩壊する
colleague	名	同僚	research colleague	研究上の同僚
collect	動	集める	collect data	データを集める
colony	名	植民地	former colony	かつての植民地
column	名	欄	newspaper column	新聞の欄
combat	動	戦う	combat poverty	貧困と戦う
combine	動	結合する	combine efforts	努力を結合する
comedy	名	喜劇	political comedy	政治喜劇
comfort	名	快適さ	seek comfort	快適さを求める
command	動	命じる	command respect	敬意を集める
comment	名	論評	brief comment	短い論評
commerce	名	商業	international commerce	国際商業
commission	名	委員会	special commission	特別委員会
commit	動	専念する	commit a crime	犯罪を犯す
committee	名	委員会	steering committee	運営委員会
common	形	共通の	common interest	共通の関心
communicate	動	伝達する	communicate clearly	明確に伝達する
community	名	共同体	local community	地域共同体
companion	名	仲間	travel companion	旅の仲間
compare	動	比較する	compare results	結果を比較する
compatible	形	両立する	compatible goals	両立する目標
compel	動	強制する	compel action	行動を強制する
compete	動	競争する	compete for funds	資金を争う
competent	形	有能な	competent staff	有能な職員
competition	名	競争	fierce competition	激しい競争
complain	動	不満を言う	complain of noise	騒音に不満を言う
complement	動	補完する	complement each other	互いを補完する
complete	動	完了する	complete a survey	調査を完了する
complex	形	複雑な	complex issue	複雑な問題
complicate	動	複雑にする	complicate matters	事態を複雑にする
comply	動	従う	comply with rules	規則に従う
compose	動	構成する	compose a letter	手紙を書く
compound	名	化合物	chemical compound	化合物
comprehend	動	理解する	comprehend a text	文章を理解する
comprehensive	形	包括的な	comprehensive review	包括的な検討
comprise	動	構成する	comprise several parts	複数の部分からなる
compromise	名	妥協	reach a compromise	妥協に達する
compute	動	計算する	compute a total	合計を計算する
conceal	動	隠す	conceal the truth	真実を隠す
concede	動	認める	concede defeat	敗北を認める
concentrate	動	集中する	concentrate on work	仕事に集中する
concept	名	概念	abstract concept	抽象概念
concern	名	懸念	public concern	公の懸念
conclude	動	結論づける	conclude a treaty	条約を締結する
concrete	形	具体的な	concrete evidence	具体的な証拠
condemn	動	非難する	condemn violence	暴力を非難する
condition	名	状態	living condition	生活状態
conduct	動	実施する	conduct research	研究を実施する
confer	動	協議する	confer with experts	専門家と協議する
confess	動	告白する	confess a fault	過ちを告白する
confidence	名	自信	gain confidence	自信を得る
confine	動	限定する	confine to a topic	話題に限定する
confirm	動	確認する	confirm a booking	予約を確認する
conflict	名	対立	armed conflict	武力対立
conform	動	従う	conform to norms	規範に従う
confront	動	直面する	confront a crisis	危機に直面する
confuse	動	混乱させる	confuse the issue	問題を混乱させる
congratulate	動	祝う	congratulate a winner	勝者を祝う
congress	名	議会	national congress	国会
connect	動	つなぐ	connect ideas	考えをつなぐ
conscience	名	良心	guilty conscience	やましい良心
conscious	形	意識して	environmentally conscious	環境を意識して
consecutive	形	連続した	consecutive years	連続した年
consensus	名	合意	reach a consensus	合意に達する
consent	名	同意	give consent	同意を与える
consequence	名	結果	serious consequence	深刻な結果
conservative	形	保守的な	conservative estimate	控えめな見積もり
consider	動	考慮する	consider options	選択肢を考慮する
consist	動	成り立つ	consist of parts	部分から成り立つ
consistent	形	一貫した	consistent policy	一貫した方針
constant	形	絶え間ない	constant pressure	絶え間ない圧力
constitute	動	構成する	constitute a threat	脅威をなす
construct	動	建設する	construct a theory	理論を構築する
consult	動	相談する	consult a lawyer	弁護士に相談する
consume	動	消費する	consume energy	エネルギーを消費する
contact	名	接触	make contact	接触する
contain	動	含む	contain errors	誤りを含む
contemporary	形	現代の	contemporary art	現代芸術
contend	動	主張する	contend that	〜だと主張する
content	名	内容	table of contents	目次
contest	名	競技	essay contest	小論文競技
context	名	文脈	historical context	歴史的文脈
continent	名	大陸	on the continent	大陸で
continue	動	続ける	continue a debate	討論を続ける
contract	名	契約	sign a contract	契約に署名する
contradict	動	矛盾する	contradict a claim	主張と矛盾する
contrary	形	反対の	contrary opinion	反対の意見
contrast	名	対照	sharp contrast	鮮明な対照
contribute	動	貢献する	contribute to society	社会に貢献する
control	動	制御する	control inflation	インフレを制御する
controversy	名	論争	public controversy	公の論争
convenience	名	便利さ	for convenience	便宜上
convention	名	慣習	social convention	社会的慣習
conventional	形	従来の	conventional wisdom	従来の通念
convert	動	転換する	convert energy	エネルギーを転換する
convey	動	伝える	convey a message	伝言を伝える
convince	動	納得させる	convince the jury	陪審を納得させる
cooperate	動	協力する	cooperate fully	全面的に協力する
coordinate	動	調整する	coordinate efforts	取り組みを調整する
cope	動	対処する	cope with stress	ストレスに対処する
core	名	核心	core issue	核心の問題
corporate	形	企業の	corporate culture	企業文化
correct	動	訂正する	correct an error	誤りを訂正する
correspond	動	一致する	correspond to reality	現実と一致する
corrupt	形	腐敗した	corrupt official	腐敗した役人
cost	名	費用	hidden cost	隠れた費用
council	名	評議会	city council	市議会
counsel	動	助言する	counsel a student	学生に助言する
counter	動	対抗する	counter an argument	議論に対抗する
county	名	郡	rural county	農村の郡
courage	名	勇気	moral courage	道義的勇気
course	名	進路	take a course	講座を受講する
court	名	法廷	supreme court	最高裁判所
courtesy	名	礼儀	common courtesy	一般的な礼儀
coward	名	臆病者	call someone a coward	臆病者と呼ぶ
crack	名	亀裂	a fine crack	細い亀裂
craft	名	技術	traditional craft	伝統技術
crash	動	衝突する	crash into a wall	壁に衝突する
create	動	生み出す	create jobs	雇用を生み出す
creature	名	生き物	living creature	生き物
credit	名	信用	academic credit	単位
crime	名	犯罪	violent crime	暴力犯罪
crisis	名	危機	economic crisis	経済危機
critic	名	批評家	harsh critic	厳しい批評家
critical	形	重大な	critical moment	重大な瞬間
criticize	動	批判する	criticize a policy	方針を批判する
crop	名	作物	cash crop	換金作物
crucial	形	極めて重要な	crucial factor	極めて重要な要因
crude	形	粗野な	crude oil	原油
cruel	形	残酷な	cruel treatment	残酷な扱い
crush	動	押しつぶす	crush opposition	反対を押しつぶす
cultivate	動	耕す	cultivate land	土地を耕す
culture	名	文化	popular culture	大衆文化
cure	動	治す	cure a disease	病気を治す
curious	形	好奇心が強い	curious mind	好奇心の強い心
current	形	現在の	current trend	現在の傾向
curve	名	曲線	learning curve	習熟曲線
custom	名	慣習	local custom	土地の慣習
cycle	名	循環	life cycle	生活環
damage	名	損害	cause damage	損害を与える
dare	動	あえてする	dare to speak	あえて発言する
data	名	資料	raw data	生データ
debate	名	討論	public debate	公開討論
debt	名	負債	national debt	国家負債
decade	名	十年	over a decade	十年以上
decay	動	腐敗する	decay over time	時とともに腐敗する
deceive	動	欺く	deceive the public	大衆を欺く
decide	動	決定する	decide a case	事件を決定する
declare	動	宣言する	declare independence	独立を宣言する
decline	動	衰退する	decline in quality	質の低下
decorate	動	飾る	decorate a hall	会場を飾る
decrease	動	減少する	decrease sharply	急減する
dedicate	動	捧げる	dedicate one's life	生涯を捧げる
defeat	動	打ち負かす	defeat an opponent	相手を打ち負かす
defect	名	欠陥	serious defect	重大な欠陥
defend	動	守る	defend a thesis	論文を弁護する
define	動	定義する	define a term	用語を定義する
definite	形	明確な	definite answer	明確な答え
degree	名	程度	a high degree	高い程度
delay	動	遅らせる	delay a decision	決定を遅らせる
deliberate	形	故意の	deliberate act	故意の行為
delicate	形	繊細な	delicate issue	繊細な問題
delight	名	喜び	great delight	大きな喜び
deliver	動	届ける	deliver a speech	演説を行う
demand	動	要求する	demand an answer	答えを要求する
democracy	名	民主主義	liberal democracy	自由民主主義
demonstrate	動	実証する	demonstrate skill	技能を実証する
dense	形	密集した	dense forest	密集した森林
deny	動	否定する	deny a charge	容疑を否定する
depart	動	出発する	depart on time	定刻に出発する
depend	動	依存する	depend on others	他者に依存する
depict	動	描く	depict a scene	情景を描く
deposit	名	預金	bank deposit	銀行預金
depress	動	落ち込ませる	depress the market	市場を沈滞させる
deprive	動	奪う	deprive of rights	権利を奪う
derive	動	引き出す	derive from Latin	ラテン語に由来する
descend	動	下降する	descend a slope	斜面を下降する
describe	動	記述する	describe a process	過程を記述する
desert	動	見捨てる	desert a post	職を見捨てる
deserve	動	値する	deserve praise	賞賛に値する
design	動	設計する	design a system	体系を設計する
desire	名	願望	strong desire	強い願望
despair	名	絶望	in despair	絶望して
despite	前	〜にもかかわらず	despite the risk	危険にもかかわらず
destroy	動	破壊する	destroy evidence	証拠を破壊する
detail	名	詳細	in detail	詳細に
detect	動	探知する	detect a signal	信号を探知する
determine	動	決定する	determine the cause	原因を決定する
develop	動	発達させる	develop a theory	理論を発達させる
device	名	装置	safety device	安全装置
devote	動	ささげる	devote time	時間をささげる
diagnose	動	診断する	diagnose a disease	病気を診断する
diagram	名	図表	flow diagram	流れ図
dialect	名	方言	regional dialect	地域方言
dictate	動	指図する	dictate terms	条件を指図する
differ	動	異なる	differ widely	大きく異なる
digest	動	消化する	digest information	情報を消化する
digital	形	デジタルの	digital archive	デジタル資料庫
dignity	名	尊厳	human dignity	人間の尊厳
dimension	名	次元	another dimension	別の次元
diminish	動	減少する	diminish in value	価値が減少する
diplomat	名	外交官	career diplomat	職業外交官
direct	動	指揮する	direct a project	事業を指揮する
disaster	名	災害	natural disaster	自然災害
discard	動	捨てる	discard old data	古い資料を捨てる
discharge	動	放出する	discharge waste	廃棄物を放出する
discipline	名	規律	strict discipline	厳しい規律
disclose	動	開示する	disclose information	情報を開示する
discount	名	割引	steep discount	大幅な割引
discourage	動	落胆させる	discourage smoking	喫煙を思いとどまらせる
discover	動	発見する	discover a planet	惑星を発見する
discuss	動	議論する	discuss a proposal	提案を議論する
disease	名	疾病	infectious disease	感染症
disguise	動	変装させる	disguise the truth	真実を隠す
disgust	名	嫌悪	public disgust	大衆の嫌悪
dismiss	動	退ける	dismiss a claim	主張を退ける
disorder	名	混乱	social disorder	社会的混乱
display	動	展示する	display artwork	作品を展示する
dispose	動	処分する	dispose of waste	廃棄物を処分する
dispute	名	論争	territorial dispute	領土論争
disrupt	動	混乱させる	disrupt traffic	交通を混乱させる
dissolve	動	溶解する	dissolve in water	水に溶解する
distant	形	遠い	distant relative	遠い親族
distinct	形	はっきりした	distinct feature	はっきりした特徴
distinguish	動	区別する	distinguish fact from fiction	事実と虚構を区別する
distort	動	歪める	distort the facts	事実を歪める
distract	動	そらす	distract attention	注意をそらす
distribute	動	分配する	distribute wealth	富を分配する
district	名	地区	school district	学区
disturb	動	妨げる	disturb the peace	平和を妨げる
diverse	形	多様な	diverse opinions	多様な意見
divide	動	分割する	divide equally	均等に分割する
divorce	名	離婚	file for divorce	離婚を申し立てる
document	名	文書	official document	公文書
domestic	形	国内の	domestic policy	国内政策
dominant	形	支配的な	dominant species	支配的な種
donate	動	寄付する	donate blood	献血する
dose	名	用量	a daily dose	一日の用量
doubt	名	疑い	reasonable doubt	合理的な疑い
draft	名	草稿	first draft	初稿
drag	動	引きずる	drag one's feet	ぐずぐずする
drain	動	排出する	drain resources	資源を消耗する
drama	名	劇	political drama	政治劇
drastic	形	抜本的な	drastic measure	抜本的な措置
dread	動	恐れる	dread failure	失敗を恐れる
drift	動	漂う	drift apart	次第に離れる
drought	名	干ばつ	severe drought	深刻な干ばつ
drown	動	溺れる	drown in debt	負債に溺れる
due	形	期限の	due process	適正手続き
dull	形	退屈な	dull lecture	退屈な講義
dump	動	投棄する	dump waste	廃棄物を投棄する
durable	形	耐久性のある	durable goods	耐久財
duty	名	義務	civic duty	市民の義務
eager	形	熱望して	eager to learn	学ぶことを熱望して
earn	動	得る	earn a living	生計を立てる
ease	名	容易さ	with ease	容易に
economy	名	経済	global economy	世界経済
edge	名	優位	competitive edge	競争上の優位
edit	動	編集する	edit a manuscript	原稿を編集する
educate	動	教育する	educate the public	大衆を教育する
effect	名	影響	side effect	副作用
effective	形	効果的な	effective method	効果的な方法
efficient	形	効率的な	efficient system	効率的な体系
effort	名	努力	joint effort	共同の努力
elaborate	形	精巧な	elaborate plan	精巧な計画
elect	動	選出する	elect a leader	指導者を選出する
elegant	形	優雅な	elegant solution	優雅な解決
element	名	要素	key element	重要な要素
eliminate	動	排除する	eliminate waste	無駄を排除する
elite	名	精鋭	political elite	政治的精鋭
embarrass	動	困惑させる	embarrass a guest	客を困惑させる
embrace	動	受け入れる	embrace change	変化を受け入れる
emerge	動	現れる	emerge from crisis	危機から現れる
emergency	名	緊急事態	national emergency	国家の緊急事態
emotion	名	感情	strong emotion	強い感情
emphasis	名	強調	place emphasis	強調を置く
empire	名	帝国	vast empire	広大な帝国
employ	動	雇用する	employ workers	労働者を雇用する
empty	形	空の	empty promise	空約束
enable	動	可能にする	enable access	利用を可能にする
enclose	動	同封する	enclose a copy	写しを同封する
encounter	動	遭遇する	encounter resistance	抵抗に遭遇する
encourage	動	奨励する	encourage debate	討論を奨励する
endanger	動	危険にさらす	endanger wildlife	野生生物を危険にさらす
endure	動	耐える	endure hardship	苦難に耐える
enforce	動	施行する	enforce a law	法律を施行する
engage	動	従事する	engage in research	研究に従事する
engine	名	機関	steam engine	蒸気機関
enhance	動	高める	enhance quality	質を高める
enormous	形	莫大な	enormous cost	莫大な費用
enrich	動	豊かにする	enrich the soil	土壌を豊かにする
ensure	動	保証する	ensure safety	安全を保証する
enter	動	入る	enter a market	市場に入る
enterprise	名	事業	private enterprise	民間事業
entertain	動	楽しませる	entertain guests	客を楽しませる
enthusiasm	名	熱意	show enthusiasm	熱意を示す
entire	形	全体の	entire population	全人口
entitle	動	資格を与える	entitle to benefits	給付の資格を与える
environment	名	環境	natural environment	自然環境
envy	名	嫉妬	feel envy	嫉妬を感じる
epidemic	名	流行	flu epidemic	インフルエンザの流行
equal	形	平等な	equal rights	平等な権利
equip	動	装備する	equip a laboratory	研究室を装備する
equivalent	形	同等の	equivalent value	同等の価値
era	名	時代	a new era	新しい時代
erect	動	建てる	erect a monument	記念碑を建てる
error	名	誤り	human error	人為的誤り
escape	動	逃げる	escape danger	危険から逃げる
especially	副	特に	especially important	特に重要な
essential	形	不可欠な	essential skill	不可欠な技能
establish	動	設立する	establish a rule	規則を設ける
estate	名	財産	real estate	不動産
estimate	動	見積もる	estimate the cost	費用を見積もる
ethic	名	倫理	work ethic	勤労倫理
ethnic	形	民族の	ethnic group	民族集団
evaluate	動	評価する	evaluate evidence	証拠を評価する
event	名	出来事	historic event	歴史的出来事
eventually	副	最終的に	eventually succeed	最終的に成功する
evidence	名	証拠	clear evidence	明白な証拠
evident	形	明白な	evident fact	明白な事実
evolve	動	進化する	evolve over time	時とともに進化する
exact	形	正確な	exact figure	正確な数値
exaggerate	動	誇張する	exaggerate a claim	主張を誇張する
examine	動	調べる	examine a sample	標本を調べる
exceed	動	超える	exceed a limit	限度を超える
excellent	形	優れた	excellent record	優れた実績
except	前	〜を除いて	except for one	一つを除いて
exception	名	例外	rare exception	まれな例外
excess	名	過剰	in excess	過剰に
exchange	動	交換する	exchange views	見解を交換する
excite	動	興奮させる	excite curiosity	好奇心を刺激する
exclude	動	除外する	exclude a variable	変数を除外する
excuse	名	言い訳	lame excuse	まずい言い訳
execute	動	実行する	execute a plan	計画を実行する
exempt	形	免除された	tax exempt	免税の
exercise	動	行使する	exercise a right	権利を行使する
exhaust	動	使い果たす	exhaust resources	資源を使い果たす
exhibit	動	示す	exhibit symptoms	症状を示す
exile	名	追放	live in exile	追放されて暮らす
exist	動	存在する	exist in nature	自然界に存在する
expand	動	拡大する	expand a market	市場を拡大する
expect	動	予期する	expect a delay	遅れを予期する
expedition	名	遠征	scientific expedition	科学遠征
expel	動	追放する	expel a member	会員を追放する
expense	名	費用	at great expense	多大な費用で
experience	名	経験	practical experience	実践的経験
experiment	名	実験	controlled experiment	対照実験
expert	名	専門家	legal expert	法律の専門家
explain	動	説明する	explain a theory	理論を説明する
explicit	形	明示的な	explicit instruction	明示的な指示
explode	動	爆発する	explode in anger	怒りで爆発する
exploit	動	搾取する	exploit workers	労働者を搾取する
explore	動	探検する	explore an idea	考えを探る
export	動	輸出する	export goods	商品を輸出する
expose	動	さらす	expose a scandal	醜聞を暴露する
express	動	表現する	express concern	懸念を表現する
extend	動	延長する	extend a deadline	期限を延長する
extent	名	程度	to some extent	ある程度まで
external	形	外部の	external factor	外部要因
extinct	形	絶滅した	extinct species	絶滅した種
extra	形	追加の	extra cost	追加費用
extract	動	抽出する	extract minerals	鉱物を抽出する
extraordinary	形	並外れた	extraordinary talent	並外れた才能
extreme	形	極端な	extreme weather	極端な天候
fabric	名	織物	social fabric	社会の織物
facility	名	施設	research facility	研究施設
factor	名	要因	risk factor	危険要因
faculty	名	学部	faculty member	学部教員
fade	動	薄れる	fade from memory	記憶から薄れる
fail	動	失敗する	fail an exam	試験に失敗する
faint	形	かすかな	faint hope	かすかな希望
fair	形	公正な	fair trial	公正な裁判
faith	名	信頼	good faith	誠実
fake	形	偽の	fake news	偽の報道
false	形	誤った	false assumption	誤った仮定
fame	名	名声	rise to fame	名声を得る
familiar	形	精通した	familiar with data	資料に精通した
famine	名	飢饉	severe famine	深刻な飢饉
fancy	形	空想の	fancy idea	空想的な考え
fare	名	運賃	bus fare	バス運賃
fascinate	動	魅了する	fascinate readers	読者を魅了する
fashion	名	流行	in fashion	流行して
fatal	形	致命的な	fatal error	致命的な誤り
fate	名	運命	common fate	共通の運命
fault	名	欠点	find fault	欠点を見つける
favor	名	好意	in favor of	賛成して
fear	名	恐れ	public fear	大衆の恐れ
feasible	形	実行可能な	feasible plan	実行可能な計画
feature	名	特徴	distinctive feature	際立った特徴
federal	形	連邦の	federal government	連邦政府
fee	名	料金	admission fee	入場料
feed	動	養う	feed a family	家族を養う
feedback	名	反応	constructive feedback	建設的な反応
fellow	名	仲間	fellow researcher	研究仲間
female	形	雌の	female voter	女性有権者
fertile	形	肥沃な	fertile soil	肥沃な土壌
fiction	名	小説	science fiction	空想科学小説
field	名	分野	academic field	学問分野
fierce	形	激しい	fierce debate	激しい討論
figure	名	数値	official figure	公式数値
file	動	提出する	file a complaint	苦情を提出する
filter	動	濾過する	filter water	水を濾過する
final	形	最終の	final decision	最終決定
finance	名	財政	public finance	公共財政
fine	名	罰金	pay a fine	罰金を払う
firm	形	堅い	firm belief	堅い信念
fit	動	適合する	fit the criteria	基準に適合する
fix	動	固定する	fix a date	日付を決める
flag	名	旗	national flag	国旗
flame	名	炎	burst into flame	炎上する
flash	動	閃く	flash of insight	洞察の閃き
flat	形	平坦な	flat rate	一律料金
flee	動	逃げる	flee the country	国外へ逃げる
flexible	形	柔軟な	flexible schedule	柔軟な予定
float	動	浮かぶ	float an idea	考えを提示する
flood	名	洪水	flash flood	鉄砲水
flourish	動	繁栄する	flourish in trade	交易で繁栄する
flow	名	流れ	cash flow	現金の流れ
fluctuate	動	変動する	prices fluctuate	価格が変動する
focus	動	焦点を当てる	focus on details	細部に焦点を当てる
fold	動	折る	fold a letter	手紙を折る
force	名	力	driving force	推進力
forecast	名	予測	weather forecast	天気予報
foreign	形	外国の	foreign policy	対外政策
foresee	動	予見する	foresee a problem	問題を予見する
form	名	形態	in the form of	〜の形態で
formal	形	正式な	formal request	正式な要請
former	形	以前の	former president	前大統領
formula	名	方式	chemical formula	化学式
fortune	名	運	good fortune	幸運
forum	名	公開討論	public forum	公開討論の場
forward	副	前方へ	move forward	前方へ進む
foster	動	育成する	foster talent	才能を育成する
found	動	設立する	found a company	会社を設立する
foundation	名	基盤	solid foundation	堅固な基盤
fraction	名	断片	a small fraction	わずかな断片
fragment	名	破片	bone fragment	骨の破片
frame	名	枠組み	legal frame	法的枠組み
frank	形	率直な	frank discussion	率直な議論
fraud	名	詐欺	tax fraud	脱税詐欺
frequent	形	頻繁な	frequent visitor	頻繁な来訪者
friction	名	摩擦	social friction	社会的摩擦
frighten	動	怖がらせる	frighten investors	投資家を怖がらせる
frontier	名	辺境	new frontier	新たな辺境
frown	動	眉をひそめる	frown on delay	遅れに眉をひそめる
frustrate	動	挫折させる	frustrate a plan	計画を挫折させる
fuel	名	燃料	fossil fuel	化石燃料
fulfill	動	果たす	fulfill a duty	義務を果たす
function	名	機能	main function	主要な機能
fund	名	資金	research fund	研究資金
fundamental	形	基本的な	fundamental right	基本的権利
funeral	名	葬儀	state funeral	国葬
furious	形	激怒した	furious debate	激怒した討論
furnish	動	供給する	furnish evidence	証拠を供給する
furthermore	副	さらに	furthermore it shows	さらにそれは示す
gain	動	得る	gain experience	経験を得る
gap	名	格差	income gap	所得格差
gather	動	集める	gather evidence	証拠を集める
gaze	動	見つめる	gaze at stars	星を見つめる
gear	名	装置	protective gear	保護装置
gender	名	性別	gender equality	男女平等
gene	名	遺伝子	dominant gene	優性遺伝子
general	形	一般的な	general principle	一般原則
generate	動	生み出す	generate electricity	電気を生み出す
generous	形	寛大な	generous offer	寛大な申し出
genius	名	天才	rare genius	まれな天才
genre	名	ジャンル	literary genre	文学ジャンル
genuine	形	本物の	genuine concern	本物の懸念
gesture	名	身ぶり	symbolic gesture	象徴的な身ぶり
giant	形	巨大な	giant leap	巨大な飛躍
glance	動	ちらりと見る	glance at a clock	時計をちらりと見る
global	形	世界的な	global market	世界市場
glory	名	栄光	moment of glory	栄光の瞬間
govern	動	統治する	govern a nation	国家を統治する
grab	動	つかむ	grab attention	注意をつかむ
grace	名	優美	natural grace	自然な優美
grade	名	等級	high grade	高い等級
gradual	形	段階的な	gradual change	段階的な変化
graduate	動	卒業する	graduate from college	大学を卒業する
grant	動	与える	grant permission	許可を与える
graph	名	図表	bar graph	棒グラフ
grasp	動	把握する	grasp the meaning	意味を把握する
grateful	形	感謝して	grateful for help	援助に感謝して
grave	形	重大な	grave concern	重大な懸念
gravity	名	重力	force of gravity	重力
greedy	形	貪欲な	greedy for power	権力に貪欲な
grief	名	悲嘆	deep grief	深い悲嘆
grind	動	すりつぶす	grind grain	穀物をすりつぶす
grip	名	支配	in the grip of	〜の支配下で
gross	形	総計の	gross income	総所得
guarantee	動	保証する	guarantee quality	品質を保証する
guard	動	守る	guard a secret	秘密を守る
guideline	名	指針	safety guideline	安全指針
guilt	名	罪	admit guilt	罪を認める
habit	名	習慣	daily habit	日々の習慣
halt	動	停止する	halt production	生産を停止する
handle	動	扱う	handle a crisis	危機を扱う
hardly	副	ほとんど〜ない	hardly surprising	ほとんど驚くにあたらない
harm	名	害	do harm	害をなす
harsh	形	厳しい	harsh climate	厳しい気候
harvest	名	収穫	poor harvest	不作
haste	名	急ぎ	in haste	急いで
hate	動	憎む	hate injustice	不正を憎む
hazard	名	危険	health hazard	健康上の危険
head	動	向かう	head a committee	委員会を率いる
heal	動	癒やす	heal a wound	傷を癒やす
health	名	健康	public health	公衆衛生
heavy	形	重い	heavy burden	重い負担
hedge	名	垣根	hedge against risk	リスクへの備え
heir	名	相続人	legal heir	法定相続人
hence	副	それゆえ	hence the delay	それゆえの遅れ
heritage	名	遺産	cultural heritage	文化遺産
hesitate	動	ためらう	hesitate to speak	発言をためらう
hide	動	隠す	hide the truth	真実を隠す
hierarchy	名	階層	social hierarchy	社会階層
highlight	動	強調する	highlight a problem	問題を強調する
highly	副	非常に	highly likely	非常にありそうな
hinder	動	妨げる	hinder progress	進歩を妨げる
hint	名	示唆	subtle hint	微妙な示唆
hire	動	雇う	hire a consultant	顧問を雇う
historian	名	歴史家	social historian	社会史家
hold	動	保持する	hold a belief	信念を保持する
holy	形	神聖な	holy place	神聖な場所
honor	名	名誉	in honor of	〜をたたえて
horizon	名	地平線	on the horizon	地平線に
horror	名	恐怖	in horror	恐怖して
hostile	形	敵対的な	hostile takeover	敵対的買収
household	名	世帯	average household	平均的世帯
huge	形	巨大な	huge impact	巨大な影響
humanity	名	人類	common humanity	共通の人類性
humble	形	謙虚な	humble origin	謙虚な出自
humor	名	ユーモア	sense of humor	ユーモアの感覚
hunger	名	飢え	hunger for knowledge	知識への飢え
hurricane	名	ハリケーン	severe hurricane	激しいハリケーン
hypothesis	名	仮説	test a hypothesis	仮説を検証する
ideal	形	理想的な	ideal condition	理想的な状態
identical	形	同一の	identical twins	一卵性双生児
identify	動	特定する	identify a cause	原因を特定する
identity	名	同一性	national identity	国民的同一性
idle	形	怠惰な	idle talk	無駄話
ignore	動	無視する	ignore a warning	警告を無視する
illegal	形	違法の	illegal trade	違法な取引
illustrate	動	説明する	illustrate a point	論点を説明する
image	名	イメージ	public image	公のイメージ
imagine	動	想像する	imagine a future	未来を想像する
imitate	動	模倣する	imitate a style	様式を模倣する
immediate	形	即座の	immediate effect	即座の効果
immigrant	名	移民	recent immigrant	最近の移民
immune	形	免疫のある	immune system	免疫系
impact	名	影響	major impact	大きな影響
imply	動	暗示する	imply consent	同意を暗示する
import	動	輸入する	import goods	商品を輸入する
impose	動	課す	impose a tax	税を課す
impress	動	印象づける	impress a jury	陪審に印象づける
improve	動	改善する	improve quality	質を改善する
impulse	名	衝動	on impulse	衝動で
incentive	名	動機づけ	tax incentive	税制上の動機づけ
incident	名	出来事	minor incident	ささいな出来事
incline	動	傾く	incline to agree	賛成する傾向がある
include	動	含む	include a clause	条項を含む
income	名	所得	annual income	年収
incorporate	動	取り入れる	incorporate feedback	反応を取り入れる
increase	動	増加する	increase demand	需要が増加する
incredible	形	信じがたい	incredible speed	信じがたい速さ
indeed	副	実に	indeed necessary	実に必要な
independent	形	独立した	independent study	独立した研究
index	名	指数	price index	物価指数
indicate	動	示す	indicate a trend	傾向を示す
individual	名	個人	private individual	私人
induce	動	誘発する	induce sleep	睡眠を誘発する
industrial	形	産業の	industrial waste	産業廃棄物
inevitable	形	避けられない	inevitable result	避けられない結果
infect	動	感染させる	infect a host	宿主に感染させる
infer	動	推論する	infer a motive	動機を推論する
infinite	形	無限の	infinite variety	無限の多様性
influence	名	影響力	political influence	政治的影響力
inform	動	知らせる	inform the public	大衆に知らせる
informal	形	非公式の	informal talk	非公式の話し合い
infrastructure	名	基盤施設	urban infrastructure	都市の基盤施設
ingenious	形	巧妙な	ingenious device	巧妙な装置
inhabit	動	住む	inhabit an island	島に住む
inherit	動	相続する	inherit a fortune	財産を相続する
initial	形	最初の	initial stage	最初の段階
initiate	動	開始する	initiate a project	事業を開始する
injure	動	傷つける	injure a worker	労働者を傷つける
innocent	形	無罪の	innocent victim	無実の犠牲者
innovate	動	革新する	innovate a process	工程を革新する
input	名	入力	user input	利用者の入力
inquire	動	尋ねる	inquire about fees	料金を尋ねる
insight	名	洞察	deep insight	深い洞察
inspect	動	検査する	inspect a site	現場を検査する
inspire	動	鼓舞する	inspire a generation	世代を鼓舞する
install	動	設置する	install software	ソフトを設置する
instance	名	例	for instance	例えば
instant	形	即座の	instant access	即座の利用
instead	副	代わりに	instead of cash	現金の代わりに
instinct	名	本能	survival instinct	生存本能
institute	名	協会	research institute	研究所
instruct	動	指示する	instruct a class	授業で指示する
instrument	名	器具	musical instrument	楽器
insult	動	侮辱する	insult a guest	客を侮辱する
insure	動	保険をかける	insure a house	家に保険をかける
integrate	動	統合する	integrate systems	体系を統合する
integrity	名	誠実	personal integrity	個人の誠実
intellectual	形	知的な	intellectual property	知的財産
intelligent	形	知能の高い	intelligent design	知的な設計
intend	動	意図する	intend to stay	滞在する意図がある
intense	形	激しい	intense heat	激しい熱
intent	名	意図	with intent	意図をもって
interact	動	相互作用する	interact with peers	同僚と相互作用する
interest	名	関心	public interest	公益
interfere	動	干渉する	interfere with work	仕事に干渉する
interior	名	内部	interior design	内部の意匠
internal	形	内部の	internal conflict	内部対立
interpret	動	解釈する	interpret a text	文章を解釈する
interrupt	動	中断する	interrupt a speech	演説を中断する
interval	名	間隔	at regular intervals	一定の間隔で
intervene	動	介入する	intervene in a dispute	論争に介入する
intimate	形	親密な	intimate knowledge	親密な知識
invade	動	侵入する	invade privacy	私生活に侵入する
invent	動	発明する	invent a device	装置を発明する
invest	動	投資する	invest capital	資本を投資する
investigate	動	調査する	investigate a crime	犯罪を調査する
invisible	形	見えない	invisible force	見えない力
invite	動	招待する	invite comment	論評を求める
involve	動	伴う	involve risk	リスクを伴う
irony	名	皮肉	bitter irony	苦い皮肉
irritate	動	いらだたせる	irritate the skin	皮膚をいらだたせる
isolate	動	孤立させる	isolate a virus	ウイルスを分離する
issue	名	問題	pressing issue	差し迫った問題
item	名	項目	agenda item	議題の項目
jealous	形	嫉妬深い	jealous of success	成功を嫉妬して
joint	形	共同の	joint effort	共同の努力
journal	名	学術誌	scientific journal	科学学術誌
journey	名	旅	long journey	長い旅
judge	動	判断する	judge a contest	競技を審査する
judicial	形	司法の	judicial review	司法審査
junior	形	年下の	junior colleague	年下の同僚
jury	名	陪審	serve on a jury	陪審を務める
justice	名	正義	social justice	社会正義
justify	動	正当化する	justify a decision	決定を正当化する
keen	形	鋭い	keen interest	鋭い関心
key	形	重要な	key factor	重要な要因
kingdom	名	王国	ancient kingdom	古代王国
label	名	ラベル	warning label	警告ラベル
labor	名	労働	manual labor	肉体労働
lack	名	不足	lack of evidence	証拠の不足
landscape	名	風景	urban landscape	都市風景
language	名	言語	official language	公用語
lapse	名	過失	a brief lapse	短い過失
latter	形	後者の	the latter half	後半
launch	動	開始する	launch a campaign	運動を開始する
law	名	法律	pass a law	法律を可決する
layer	名	層	ozone layer	オゾン層
lead	動	導く	lead a team	チームを導く
league	名	連盟	in a league	連盟に属して
lean	動	傾く	lean toward reform	改革に傾く
leap	動	跳ぶ	leap forward	前方へ跳ぶ
lease	名	賃貸契約	sign a lease	賃貸契約に署名する
lecture	名	講義	public lecture	公開講義
legal	形	合法の	legal advice	法律上の助言
legend	名	伝説	urban legend	都市伝説
legislation	名	立法	new legislation	新しい立法
leisure	名	余暇	leisure time	余暇の時間
lend	動	貸す	lend support	支援を貸す
length	名	長さ	at length	長々と
lessen	動	減らす	lessen the burden	負担を減らす
lesson	名	教訓	learn a lesson	教訓を学ぶ
liberal	形	自由主義の	liberal arts	教養科目
liberty	名	自由	civil liberty	市民的自由
license	名	免許	driver's license	運転免許
lie	動	横たわる	lie in wait	待ち伏せる
lift	動	解除する	lift a ban	禁止を解除する
likely	形	ありそうな	likely outcome	ありそうな結果
limit	名	限度	speed limit	速度限度
link	名	つながり	causal link	因果のつながり
liquid	名	液体	clear liquid	透明な液体
list	名	一覧	waiting list	待機一覧
literal	形	文字どおりの	literal meaning	文字どおりの意味
literary	形	文学の	literary critic	文学批評家
literature	名	文学	world literature	世界文学
load	名	荷	a heavy load	重い荷
loan	名	融資	bank loan	銀行融資
local	形	地元の	local government	地方政府
locate	動	位置を特定する	locate a source	情報源の位置を特定する
logic	名	論理	faulty logic	誤った論理
lonely	形	孤独な	lonely existence	孤独な存在
loose	形	緩い	loose interpretation	緩い解釈
loss	名	損失	heavy loss	大きな損失
loyal	形	忠実な	loyal supporter	忠実な支持者
luxury	名	贅沢	sheer luxury	全くの贅沢
machine	名	機械	voting machine	投票機械
magazine	名	雑誌	weekly magazine	週刊雑誌
magnet	名	磁石	powerful magnet	強力な磁石
magnificent	形	壮大な	magnificent view	壮大な眺め
maintain	動	維持する	maintain order	秩序を維持する
major	形	主要な	major issue	主要な問題
majority	名	過半数	slim majority	わずかな過半数
male	形	雄の	male voter	男性有権者
manage	動	管理する	manage a team	チームを管理する
manifest	動	現す	manifest itself	それ自体を現す
manipulate	動	操る	manipulate data	資料を操る
manner	名	態度	in a polite manner	礼儀正しい態度で
manufacture	動	製造する	manufacture goods	商品を製造する
margin	名	余白	profit margin	利ざや
marine	形	海の	marine life	海洋生物
mark	名	印	a high mark	高い評点
market	名	市場	labor market	労働市場
mass	名	大衆	mass media	大衆媒体
master	動	習得する	master a skill	技能を習得する
match	動	一致する	match a description	記述と一致する
mate	名	仲間	running mate	選挙の相棒
material	名	材料	raw material	原材料
matter	名	問題	a serious matter	重大な問題
mature	形	成熟した	mature judgment	成熟した判断
maximum	名	最大	maximum capacity	最大能力
mean	動	意味する	mean no harm	害する意図はない
means	名	手段	by all means	ぜひとも
meanwhile	副	一方で	meanwhile at home	一方で家では
measure	動	測定する	measure progress	進歩を測定する
mechanism	名	仕組み	defense mechanism	防御の仕組み
media	名	媒体	news media	報道媒体
medical	形	医学の	medical research	医学研究
medium	名	媒体	through a medium	媒体を通じて
meet	動	満たす	meet a deadline	期限を満たす
member	名	成員	committee member	委員会の成員
memorial	名	記念碑	war memorial	戦争記念碑
memory	名	記憶	short-term memory	短期記憶
mental	形	精神の	mental health	精神衛生
mention	動	言及する	mention a name	名前に言及する
merchant	名	商人	wealthy merchant	裕福な商人
mercy	名	慈悲	show mercy	慈悲を示す
mere	形	単なる	a mere child	単なる子供
merit	名	長所	academic merit	学問上の長所
method	名	方法	scientific method	科学的方法
migrate	動	移住する	migrate seasonally	季節ごとに移住する
mild	形	穏やかな	mild climate	穏やかな気候
military	形	軍事の	military force	軍事力
mind	名	精神	keep in mind	心に留める
minimum	名	最小	minimum wage	最低賃金
minor	形	ささいな	minor error	ささいな誤り
minority	名	少数派	ethnic minority	少数民族
minute	形	微細な	minute detail	微細な詳細
miracle	名	奇跡	economic miracle	経済の奇跡
mirror	動	反映する	mirror reality	現実を反映する
miserable	形	惨めな	miserable condition	惨めな状態
miss	動	逃す	miss a chance	機会を逃す
mission	名	使命	historic mission	歴史的使命
mistake	名	誤り	costly mistake	高くつく誤り
mix	動	混ぜる	mix cultures	文化を混ぜる
mobile	形	移動可能な	mobile device	移動可能な装置
mode	名	様式	mode of transport	輸送の様式
model	名	模型	role model	模範
moderate	形	適度な	moderate climate	適度な気候
modern	形	現代の	modern society	現代社会
modest	形	控え目な	modest income	控え目な所得
modify	動	修正する	modify a plan	計画を修正する
moist	形	湿った	moist air	湿った空気
molecule	名	分子	water molecule	水分子
moment	名	瞬間	critical moment	重大な瞬間
monitor	動	監視する	monitor progress	進歩を監視する
monopoly	名	独占	market monopoly	市場独占
mood	名	気分	public mood	大衆の気分
moral	形	道徳的な	moral duty	道徳的義務
moreover	副	そのうえ	moreover it failed	そのうえ失敗した
mortal	形	死すべき	mortal danger	死の危険
motion	名	動議	pass a motion	動議を可決する
motive	名	動機	hidden motive	隠れた動機
mount	動	増加する	mount a campaign	運動を展開する
move	動	動かす	move a motion	動議を提出する
multiple	形	複数の	multiple sources	複数の情報源
murder	名	殺人	commit murder	殺人を犯す
muscle	名	筋肉	skeletal muscle	骨格筋
mutual	形	相互の	mutual trust	相互の信頼
mystery	名	謎	unsolved mystery	未解決の謎
myth	名	神話	urban myth	都市神話
naked	形	裸の	naked eye	肉眼
namely	副	すなわち	namely the cost	すなわち費用
narrate	動	物語る	narrate a story	物語を語る
narrow	形	狭い	narrow margin	僅差
nation	名	国家	sovereign nation	主権国家
native	形	生まれながらの	native language	母語
natural	形	自然の	natural resource	天然資源
nature	名	性質	human nature	人間性
navy	名	海軍	merchant navy	商船隊
near	形	近い	near future	近い将来
necessary	形	必要な	necessary step	必要な段階
need	名	必要	urgent need	緊急の必要
negative	形	否定的な	negative impact	否定的な影響
neglect	動	怠る	neglect a duty	義務を怠る
negotiate	動	交渉する	negotiate a deal	取引を交渉する
neighbor	名	隣人	next-door neighbor	隣の住人
neither	接	どちらも〜ない	neither true nor false	真でも偽でもない
nerve	名	神経	nerve cell	神経細胞
network	名	網	social network	社会的な網
neutral	形	中立の	neutral stance	中立の立場
nevertheless	副	それにもかかわらず	nevertheless it grew	それにもかかわらず成長した
nightmare	名	悪夢	recurring nightmare	繰り返す悪夢
noble	形	高貴な	noble cause	高貴な大義
noise	名	騒音	background noise	背景騒音
nominate	動	指名する	nominate a candidate	候補を指名する
nonetheless	副	それでもなお	nonetheless valid	それでもなお有効な
norm	名	規範	social norm	社会規範
normal	形	通常の	normal procedure	通常の手順
notice	動	気づく	notice a change	変化に気づく
notion	名	考え	vague notion	漠然とした考え
novel	名	小説	historical novel	歴史小説
nowadays	副	近ごろは	nowadays common	近ごろは一般的な
nuclear	形	核の	nuclear energy	核エネルギー
numerous	形	多数の	numerous studies	多数の研究
obey	動	従う	obey a law	法律に従う
object	動	反対する	object to a plan	計画に反対する
objective	名	目標	primary objective	主要な目標
oblige	動	義務づける	oblige by law	法律で義務づける
observe	動	観察する	observe a ritual	儀式を守る
obtain	動	入手する	obtain permission	許可を入手する
obvious	形	明白な	obvious reason	明白な理由
occasion	名	機会	special occasion	特別な機会
occupation	名	職業	main occupation	主な職業
occupy	動	占める	occupy a seat	議席を占める
occur	動	起こる	occur frequently	頻繁に起こる
odd	形	奇妙な	odd behavior	奇妙な行動
offend	動	怒らせる	offend a guest	客を怒らせる
offer	動	提供する	offer a solution	解決策を提供する
official	形	公式の	official statement	公式声明
omit	動	省略する	omit a detail	詳細を省略する
ongoing	形	進行中の	ongoing debate	進行中の討論
operate	動	操作する	operate a machine	機械を操作する
opinion	名	意見	public opinion	世論
opponent	名	相手	political opponent	政敵
opportunity	名	機会	rare opportunity	まれな機会
oppose	動	反対する	oppose a bill	法案に反対する
opposite	形	反対の	opposite view	反対の見解
option	名	選択肢	viable option	実行可能な選択肢
oral	形	口頭の	oral exam	口頭試験
orbit	名	軌道	in orbit	軌道上で
order	名	秩序	public order	公の秩序
ordinary	形	普通の	ordinary citizen	普通の市民
organ	名	器官	vital organ	生命維持に必要な器官
organic	形	有機の	organic matter	有機物
organize	動	組織する	organize a protest	抗議を組織する
origin	名	起源	place of origin	起源の地
original	形	独創的な	original idea	独創的な考え
otherwise	副	さもなければ	otherwise fail	さもなければ失敗する
outcome	名	結果	likely outcome	ありそうな結果
outline	名	概要	brief outline	短い概要
output	名	産出	industrial output	産業の産出
outrage	名	憤慨	public outrage	大衆の憤慨
outstanding	形	傑出した	outstanding achievement	傑出した業績
overcome	動	克服する	overcome a fear	恐れを克服する
overlook	動	見落とす	overlook a detail	詳細を見落とす
owe	動	負っている	owe an apology	謝罪を負っている
own	動	所有する	own property	財産を所有する
pace	名	速度	at a slow pace	遅い速度で
pain	名	苦痛	feel pain	苦痛を感じる
pale	形	青ざめた	pale complexion	青ざめた顔色
panic	名	恐慌	in a panic	恐慌状態で
parallel	形	平行の	parallel lines	平行線
pardon	動	許す	pardon an offense	罪を許す
parliament	名	議会	national parliament	国会
part	名	部分	play a part	役割を果たす
participate	動	参加する	participate in a survey	調査に参加する
particular	形	特定の	particular case	特定の事例
partly	副	部分的に	partly true	部分的に真実の
partner	名	相手	business partner	事業の相手
passage	名	一節	a short passage	短い一節
passion	名	情熱	a passion for art	芸術への情熱
passive	形	受動的な	passive role	受動的な役割
passport	名	旅券	valid passport	有効な旅券
patch	名	継ぎ	a rough patch	つらい時期
path	名	道	career path	経歴の道
patience	名	忍耐	lose patience	忍耐を失う
patient	名	患者	hospital patient	病院の患者
patriotic	形	愛国的な	patriotic duty	愛国的義務
pattern	名	型	behavior pattern	行動の型
pause	動	休止する	pause for thought	考えて休止する
peace	名	平和	lasting peace	永続する平和
peak	名	頂点	at its peak	頂点で
penalty	名	刑罰	death penalty	死刑
perceive	動	知覚する	perceive a threat	脅威を知覚する
perfect	形	完全な	perfect example	完全な例
perform	動	遂行する	perform a task	課題を遂行する
period	名	期間	a long period	長い期間
permanent	形	永続的な	permanent damage	永続的な損害
permit	動	許可する	permit entry	入場を許可する
persist	動	持続する	persist in effort	努力を持続する
personal	形	個人の	personal data	個人資料
persuade	動	説得する	persuade a voter	有権者を説得する
phase	名	段階	initial phase	最初の段階
phenomenon	名	現象	natural phenomenon	自然現象
philosophy	名	哲学	moral philosophy	道徳哲学
physical	形	身体の	physical evidence	物的証拠
physician	名	医師	family physician	家庭医
pilot	名	操縦士	airline pilot	航空会社の操縦士
pioneer	名	先駆者	pioneer in science	科学の先駆者
pitch	名	調子	raise the pitch	調子を上げる
place	動	置く	place emphasis	強調を置く
plain	形	明白な	plain fact	明白な事実
plan	名	計画	long-term plan	長期計画
plastic	形	可塑性の	plastic waste	プラスチック廃棄物
platform	名	台	political platform	政治綱領
plead	動	嘆願する	plead for mercy	慈悲を嘆願する
plot	名	陰謀	a secret plot	秘密の陰謀
plunge	動	突入する	plunge into crisis	危機に突入する
point	名	要点	main point	主要な要点
poison	名	毒物	deadly poison	致命的な毒物
policy	名	政策	public policy	公共政策
polish	動	磨く	polish a draft	草稿を磨く
polite	形	礼儀正しい	polite request	礼儀正しい要請
political	形	政治の	political system	政治体制
poll	名	世論調査	opinion poll	世論調査
pollute	動	汚染する	pollute a river	川を汚染する
popular	形	人気のある	popular opinion	大衆の意見
population	名	人口	aging population	高齢化した人口
portion	名	部分	a large portion	大きな部分
pose	動	提起する	pose a question	問いを提起する
position	名	立場	official position	公式の立場
positive	形	肯定的な	positive result	肯定的な結果
possess	動	所有する	possess a talent	才能を所有する
possible	形	可能な	possible cause	可能な原因
post	名	職	vacant post	空席の職
postpone	動	延期する	postpone a meeting	会合を延期する
potential	名	潜在能力	untapped potential	未開発の潜在能力
pour	動	注ぐ	pour money into	資金を注ぎ込む
poverty	名	貧困	extreme poverty	極度の貧困
power	名	権力	political power	政治権力
practical	形	実用的な	practical skill	実用的な技能
practice	名	慣行	common practice	一般的な慣行
praise	動	賞賛する	praise a student	学生を賞賛する
precise	形	精密な	precise measurement	精密な測定
predict	動	予測する	predict an outcome	結果を予測する
prefer	動	好む	prefer a quiet life	静かな生活を好む
prejudice	名	偏見	racial prejudice	人種的偏見
prepare	動	準備する	prepare a report	報告書を準備する
presence	名	存在	in the presence of	〜の面前で
present	動	提示する	present evidence	証拠を提示する
preserve	動	保存する	preserve a forest	森林を保存する
press	動	迫る	press a claim	主張を迫る
pressure	名	圧力	peer pressure	同輩の圧力
pretend	動	装う	pretend ignorance	無知を装う
prevail	動	普及する	prevail over doubt	疑いに打ち勝つ
prevent	動	防ぐ	prevent a disaster	災害を防ぐ
previous	形	前の	previous study	以前の研究
pride	名	誇り	national pride	国民的誇り
primary	形	主要な	primary source	一次資料
prime	形	第一の	prime example	第一の例
principal	形	主要な	principal reason	主要な理由
principle	名	原則	basic principle	基本原則
prior	形	前の	prior knowledge	事前の知識
priority	名	優先事項	top priority	最優先事項
prison	名	刑務所	in prison	刑務所で
private	形	私的な	private property	私有財産
privilege	名	特権	special privilege	特別な特権
prize	名	賞	literary prize	文学賞
probable	形	ありそうな	probable cause	ありそうな原因
problem	名	問題	serious problem	深刻な問題
procedure	名	手順	standard procedure	標準手順
proceed	動	進む	proceed with caution	慎重に進む
process	名	過程	a long process	長い過程
produce	動	生産する	produce evidence	証拠を提出する
profession	名	職業	legal profession	法曹の職業
professor	名	教授	university professor	大学教授
profit	名	利益	make a profit	利益を得る
program	名	計画	training program	訓練計画
progress	名	進歩	steady progress	着実な進歩
prohibit	動	禁止する	prohibit smoking	喫煙を禁止する
project	名	計画	research project	研究計画
promise	名	約束	keep a promise	約束を守る
promote	動	促進する	promote growth	成長を促進する
prompt	形	迅速な	prompt reply	迅速な返信
proof	名	証明	clear proof	明白な証明
proper	形	適切な	proper procedure	適切な手順
property	名	財産	private property	私有財産
proportion	名	割合	in proportion to	〜に比例して
propose	動	提案する	propose a bill	法案を提案する
prospect	名	見通し	job prospect	就職の見通し
protect	動	保護する	protect wildlife	野生生物を保護する
protest	動	抗議する	protest a decision	決定に抗議する
proud	形	誇らしい	proud of success	成功を誇らしい
prove	動	証明する	prove a theory	理論を証明する
provide	動	提供する	provide evidence	証拠を提供する
province	名	州	northern province	北部の州
provoke	動	引き起こす	provoke debate	討論を引き起こす
public	形	公の	public interest	公益
publish	動	出版する	publish a paper	論文を出版する
punish	動	罰する	punish a crime	犯罪を罰する
purchase	動	購入する	purchase land	土地を購入する
pure	形	純粋な	pure science	純粋科学
purpose	名	目的	main purpose	主要な目的
pursue	動	追求する	pursue a career	経歴を追求する
qualify	動	資格を得る	qualify for aid	援助の資格を得る
quality	名	質	high quality	高い質
quantity	名	量	a large quantity	大量
quarrel	名	口論	bitter quarrel	激しい口論
quarter	名	四半期	first quarter	第一四半期
question	動	疑問を呈する	question a claim	主張に疑問を呈する
quote	動	引用する	quote a source	出典を引用する
radical	形	急進的な	radical change	急進的な変化
random	形	無作為の	random sample	無作為標本
range	名	範囲	wide range	広い範囲
rank	名	地位	high rank	高い地位
rapid	形	急速な	rapid growth	急速な成長
rare	形	まれな	rare species	まれな種
rate	名	率	interest rate	利率
ratio	名	比	sex ratio	性比
react	動	反応する	react to news	報道に反応する
realize	動	悟る	realize a goal	目標を実現する
reason	名	理由	main reason	主な理由
reasonable	形	妥当な	reasonable doubt	妥当な疑い
rebel	動	反抗する	rebel against authority	権威に反抗する
recall	動	思い出す	recall a fact	事実を思い出す
receive	動	受け取る	receive a grant	助成金を受け取る
recent	形	最近の	recent study	最近の研究
reckon	動	考える	reckon with risk	リスクを計算に入れる
recognize	動	認める	recognize a right	権利を認める
recommend	動	推薦する	recommend a book	本を推薦する
record	名	記録	official record	公式記録
recover	動	回復する	recover from illness	病気から回復する
reduce	動	減らす	reduce waste	無駄を減らす
refer	動	言及する	refer to a source	出典に言及する
reflect	動	反映する	reflect reality	現実を反映する
reform	名	改革	social reform	社会改革
refuse	動	拒否する	refuse an offer	申し出を拒否する
regard	動	みなす	regard as essential	不可欠とみなす
region	名	地域	coastal region	沿岸地域
register	動	登録する	register a complaint	苦情を登録する
regret	動	後悔する	regret a decision	決定を後悔する
regular	形	定期的な	regular meeting	定期会合
regulate	動	規制する	regulate trade	交易を規制する
reject	動	却下する	reject a proposal	提案を却下する
relate	動	関連づける	relate to a topic	話題に関連する
relative	形	相対的な	relative importance	相対的な重要性
relax	動	くつろぐ	relax a rule	規則を緩和する
release	動	放出する	release a report	報告書を公表する
relevant	形	関連のある	relevant data	関連のある資料
reliable	形	信頼できる	reliable source	信頼できる情報源
relief	名	救済	disaster relief	災害救済
rely	動	頼る	rely on data	資料に頼る
remain	動	残る	remain silent	沈黙したままである
remark	名	発言	casual remark	何気ない発言
remarkable	形	注目すべき	remarkable feat	注目すべき偉業
remedy	名	治療	effective remedy	効果的な治療
remember	動	覚える	remember a fact	事実を覚える
remind	動	思い出させる	remind of home	故郷を思い出させる
remote	形	遠隔の	remote area	遠隔地
remove	動	取り除く	remove a barrier	障壁を取り除く
render	動	与える	render a service	奉仕を与える
renew	動	更新する	renew a contract	契約を更新する
rent	名	家賃	pay the rent	家賃を払う
repair	動	修理する	repair damage	損害を修理する
repeat	動	繰り返す	repeat a claim	主張を繰り返す
replace	動	置き換える	replace a leader	指導者を置き換える
reply	動	返信する	reply to a letter	手紙に返信する
report	動	報告する	report a finding	発見を報告する
represent	動	代表する	represent a group	集団を代表する
reproduce	動	繁殖する	reproduce in captivity	飼育下で繁殖する
reputation	名	評判	good reputation	良い評判
request	名	要請	formal request	正式な要請
require	動	必要とする	require approval	承認を必要とする
rescue	動	救助する	rescue a victim	犠牲者を救助する
research	名	研究	scientific research	科学研究
resemble	動	似ている	resemble a parent	親に似ている
reserve	動	予約する	reserve a seat	席を予約する
reside	動	居住する	reside in a city	都市に居住する
resign	動	辞職する	resign from office	職を辞する
resist	動	抵抗する	resist change	変化に抵抗する
resolve	動	解決する	resolve a dispute	論争を解決する
resource	名	資源	natural resource	天然資源
respect	名	尊敬	earn respect	尊敬を得る
respond	動	応答する	respond to a crisis	危機に応答する
responsible	形	責任がある	responsible adult	責任ある成人
restore	動	復元する	restore order	秩序を復元する
restrict	動	制限する	restrict access	利用を制限する
result	名	結果	unexpected result	予期せぬ結果
retain	動	保持する	retain control	支配を保持する
retire	動	退職する	retire from office	職から退職する
reveal	動	明らかにする	reveal a secret	秘密を明らかにする
revenue	名	歳入	tax revenue	税収
reverse	動	逆転する	reverse a trend	傾向を逆転する
review	動	再検討する	review a case	事件を再検討する
revise	動	改訂する	revise a draft	草稿を改訂する
revive	動	復活させる	revive a custom	慣習を復活させる
revolution	名	革命	industrial revolution	産業革命
reward	名	報酬	just reward	正当な報酬
rhythm	名	リズム	daily rhythm	日々のリズム
rigid	形	厳格な	rigid rule	厳格な規則
risk	名	危険	take a risk	危険を冒す
rival	名	ライバル	political rival	政敵
role	名	役割	key role	重要な役割
root	名	根源	root cause	根本原因
rough	形	粗い	rough estimate	粗い見積もり
route	名	経路	trade route	交易経路
routine	名	決まりきった仕事	daily routine	日課
royal	形	王室の	royal family	王室
ruin	動	破滅させる	ruin a career	経歴を破滅させる
rule	名	規則	strict rule	厳しい規則
rumor	名	噂	spread a rumor	噂を広める
rural	形	農村の	rural area	農村地域
sacred	形	神聖な	sacred site	神聖な場所
sacrifice	動	犠牲にする	sacrifice comfort	快適さを犠牲にする
sake	名	ため	for the sake of	〜のために
salary	名	給料	annual salary	年俸
sample	名	標本	random sample	無作為標本
sanction	名	制裁	economic sanction	経済制裁
satisfy	動	満たす	satisfy a need	必要を満たす
save	動	救う	save a life	命を救う
scale	名	規模	large scale	大規模
scan	動	走査する	scan a document	文書を走査する
scatter	動	散らす	scatter seeds	種を散らす
scene	名	場面	crime scene	犯罪現場
scheme	名	計画	a grand scheme	壮大な計画
scholar	名	学者	legal scholar	法学者
science	名	科学	natural science	自然科学
scope	名	範囲	beyond the scope	範囲を超えて
score	名	得点	high score	高い得点
scramble	動	奪い合う	scramble for seats	席を奪い合う
scratch	動	引っかく	scratch the surface	表面を引っかく
screen	動	選別する	screen applicants	応募者を選別する
script	名	台本	original script	オリジナルの台本
search	動	捜す	search for clues	手がかりを捜す
secret	名	秘密	state secret	国家機密
section	名	部分	a separate section	別の部分
secure	動	確保する	secure funding	資金を確保する
seek	動	求める	seek advice	助言を求める
seize	動	つかむ	seize an opportunity	機会をつかむ
select	動	選ぶ	select a candidate	候補を選ぶ
senate	名	上院	the senate floor	上院本会議場
senior	形	上級の	senior official	上級役人
sense	名	感覚	common sense	常識
sensitive	形	敏感な	sensitive issue	敏感な問題
sentence	名	判決	prison sentence	懲役判決
separate	動	分ける	separate fact from fiction	事実と虚構を分ける
sequence	名	連続	a sequence of events	一連の出来事
series	名	一連	a series of talks	一連の会談
serious	形	深刻な	serious threat	深刻な脅威
serve	動	仕える	serve the public	公衆に仕える
session	名	会合	a closed session	非公開会合
settle	動	解決する	settle a dispute	論争を解決する
severe	形	厳しい	severe damage	厳しい損害
shade	名	日陰	in the shade	日陰で
shadow	名	影	cast a shadow	影を落とす
shallow	形	浅い	shallow water	浅い水
shame	名	恥	a sense of shame	恥の感覚
shape	名	形	take shape	形になる
share	動	共有する	share a view	見解を共有する
sharp	形	鋭い	sharp contrast	鋭い対照
shed	動	流す	shed light on	光を当てる
shelter	名	避難所	take shelter	避難する
shift	動	移す	shift attention	注意を移す
shock	名	衝撃	culture shock	文化衝撃
shortage	名	不足	food shortage	食料不足
shrink	動	縮小する	shrink in size	大きさが縮小する
sign	名	兆候	a warning sign	警告の兆候
signal	名	信号	send a signal	信号を送る
significant	形	重要な	significant change	重要な変化
silence	名	沈黙	break the silence	沈黙を破る
similar	形	類似した	similar pattern	類似した型
simulate	動	模擬する	simulate a crash	衝突を模擬する
simultaneous	形	同時の	simultaneous events	同時の出来事
sincere	形	誠実な	sincere apology	誠実な謝罪
single	形	一つの	single source	一つの情報源
site	名	場所	historic site	史跡
situation	名	状況	current situation	現在の状況
skill	名	技能	practical skill	実用的な技能
slave	名	奴隷	former slave	かつての奴隷
slight	形	わずかな	slight difference	わずかな違い
slope	名	斜面	steep slope	急な斜面
smooth	形	滑らかな	smooth transition	滑らかな移行
soar	動	急騰する	prices soar	価格が急騰する
social	形	社会の	social issue	社会問題
society	名	社会	civil society	市民社会
soil	名	土壌	fertile soil	肥沃な土壌
solar	形	太陽の	solar energy	太陽エネルギー
solemn	形	厳粛な	solemn oath	厳粛な誓い
solid	形	堅固な	solid evidence	堅固な証拠
solve	動	解決する	solve a puzzle	謎を解決する
somehow	副	どうにか	somehow survive	どうにか生き残る
somewhat	副	いくぶん	somewhat unclear	いくぶん不明瞭な
sophisticated	形	洗練された	sophisticated method	洗練された方法
sound	形	健全な	sound judgment	健全な判断
source	名	源	primary source	一次資料
sovereign	形	主権のある	sovereign state	主権国家
spark	動	引き起こす	spark debate	討論を引き起こす
spatial	形	空間の	spatial relation	空間関係
special	形	特別な	special case	特別な事例
species	名	種	endangered species	絶滅危惧種
specific	形	特定の	specific example	特定の例
specify	動	明示する	specify a date	日付を明示する
spectacle	名	光景	a rare spectacle	まれな光景
speculate	動	推測する	speculate on causes	原因を推測する
speech	名	演説	public speech	公開演説
sphere	名	領域	public sphere	公的領域
spirit	名	精神	team spirit	団体精神
split	動	分割する	split a vote	票を分割する
spread	動	広げる	spread a rumor	噂を広げる
stable	形	安定した	stable economy	安定した経済
staff	名	職員	research staff	研究職員
stage	名	段階	early stage	初期段階
stain	名	汚点	a stain on	〜の汚点
stake	名	賭け金	at stake	危機にさらされて
standard	名	基準	living standard	生活水準
stare	動	じっと見る	stare in disbelief	信じられずにじっと見る
state	名	国家	nation state	国民国家
statement	名	声明	official statement	公式声明
status	名	地位	social status	社会的地位
statute	名	法令	federal statute	連邦法令
steady	形	着実な	steady growth	着実な成長
steel	名	鋼鉄	stainless steel	ステンレス鋼
steep	形	急な	steep decline	急な低下
steer	動	操縦する	steer a course	針路を操縦する
stem	動	生じる	stem from neglect	怠慢から生じる
step	名	段階	first step	第一段階
stick	動	固執する	stick to a plan	計画に固執する
stiff	形	堅い	stiff penalty	厳しい刑罰
stimulate	動	刺激する	stimulate growth	成長を刺激する
stir	動	かき立てる	stir debate	討論をかき立てる
stock	名	在庫	in stock	在庫があって
strain	名	負担	under strain	負担の下で
strategy	名	戦略	long-term strategy	長期戦略
stream	名	流れ	a stream of data	資料の流れ
strength	名	強さ	inner strength	内面の強さ
stress	名	ストレス	under stress	ストレスの下で
stretch	動	伸ばす	stretch a budget	予算を伸ばす
strict	形	厳格な	strict rule	厳格な規則
strike	動	打つ	strike a deal	取引をまとめる
string	名	一連	a string of wins	一連の勝利
strip	動	剥ぎ取る	strip of rights	権利を剥ぎ取る
strive	動	努力する	strive for peace	平和を求めて努力する
stroke	名	一撃	a stroke of luck	幸運の一撃
structure	名	構造	social structure	社会構造
struggle	動	苦闘する	struggle for survival	生存のために苦闘する
stubborn	形	頑固な	stubborn resistance	頑固な抵抗
study	名	研究	case study	事例研究
style	名	様式	writing style	文章の様式
subject	名	主題	a sensitive subject	微妙な主題
submit	動	提出する	submit a report	報告書を提出する
subsequent	形	その後の	subsequent event	その後の出来事
substance	名	物質	toxic substance	有毒物質
substitute	動	代わりにする	substitute for oil	石油の代わりにする
subtle	形	微妙な	subtle difference	微妙な違い
suburb	名	郊外	a quiet suburb	静かな郊外
succeed	動	成功する	succeed in business	事業で成功する
suffer	動	苦しむ	suffer a loss	損失を被る
sufficient	形	十分な	sufficient evidence	十分な証拠
suggest	動	提案する	suggest a remedy	治療を提案する
suit	動	適する	suit a purpose	目的に適する
sum	名	合計	a large sum	多額
summary	名	要約	brief summary	短い要約
summit	名	首脳会談	peace summit	平和首脳会談
superb	形	見事な	superb performance	見事な演奏
superior	形	優れた	superior quality	優れた質
supervise	動	監督する	supervise workers	労働者を監督する
supplement	名	補足	dietary supplement	食事の補足
supply	動	供給する	supply goods	商品を供給する
support	動	支持する	support a claim	主張を支持する
suppose	動	仮定する	suppose a case	事例を仮定する
suppress	動	抑圧する	suppress a revolt	反乱を抑圧する
supreme	形	最高の	supreme court	最高裁判所
surface	名	表面	on the surface	表面上は
surplus	名	余剰	budget surplus	予算余剰
surrender	動	降伏する	surrender a weapon	武器を引き渡す
surround	動	囲む	surround a city	都市を囲む
survey	名	調査	public survey	世論調査
survive	動	生き残る	survive a crisis	危機を生き残る
suspect	動	疑う	suspect fraud	詐欺を疑う
suspend	動	一時停止する	suspend a rule	規則を一時停止する
sustain	動	維持する	sustain growth	成長を維持する
sweep	動	一掃する	sweep to power	権力を一掃して得る
swift	形	迅速な	swift action	迅速な行動
symbol	名	象徴	national symbol	国家の象徴
sympathy	名	同情	public sympathy	大衆の同情
symptom	名	症状	early symptom	初期症状
system	名	体系	legal system	法体系
tackle	動	取り組む	tackle a problem	問題に取り組む
tale	名	物語	folk tale	民間物語
abhor	動	嫌悪する	abhor violence	暴力を嫌悪する
abject	形	惨めな	abject poverty	惨めな貧困
abridge	動	短縮する	abridge a text	文章を短縮する
abrupt	形	突然の	abrupt change	突然の変化
abyss	名	深淵	moral abyss	道徳的深淵
accentuate	動	強調する	accentuate a difference	違いを強調する
acclaim	名	称賛	critical acclaim	批評家の称賛
accolade	名	称賛	highest accolade	最高の称賛
acerbic	形	辛辣な	acerbic remark	辛辣な発言
acme	名	頂点	the acme of skill	技能の頂点
acquiesce	動	黙認する	acquiesce in a plan	計画を黙認する
acrimony	名	辛辣さ	political acrimony	政治的な辛辣さ
acumen	名	洞察力	business acumen	商売の洞察力
adage	名	格言	an old adage	古い格言
adamant	形	断固たる	adamant refusal	断固たる拒否
adept	形	熟達した	adept at debate	討論に熟達した
adhere	動	固守する	adhere to a rule	規則を固守する
adjacent	形	隣接した	adjacent buildings	隣接した建物
admonish	動	戒める	admonish a pupil	生徒を戒める
adroit	形	巧みな	adroit diplomat	巧みな外交官
advent	名	到来	advent of printing	印刷の到来
adverse	形	不利な	adverse effect	不利な影響
aesthetic	形	美的な	aesthetic value	美的価値
affable	形	愛想のよい	affable host	愛想のよい主人
affinity	名	親和性	chemical affinity	化学的親和性
afflict	動	苦しめる	afflict the poor	貧者を苦しめる
affluent	形	富裕な	affluent society	富裕な社会
aftermath	名	余波	war's aftermath	戦争の余波
aggravate	動	悪化させる	aggravate a conflict	対立を悪化させる
agile	形	機敏な	agile mind	機敏な頭脳
agitate	動	扇動する	agitate for reform	改革を扇動する
agrarian	形	農業の	agrarian society	農業社会
ailment	名	疾患	chronic ailment	慢性の疾患
akin	形	類似した	akin to music	音楽に類似した
alacrity	名	敏速	accept with alacrity	敏速に受け入れる
alias	名	別名	under an alias	別名で
alienate	動	疎遠にする	alienate voters	有権者を疎遠にする
allay	動	和らげる	allay a fear	恐れを和らげる
alleviate	動	軽減する	alleviate pain	痛みを軽減する
allude	動	ほのめかす	allude to a scandal	醜聞をほのめかす
aloof	形	超然とした	aloof manner	超然とした態度
altruism	名	利他主義	pure altruism	純粋な利他主義
amalgam	名	混合物	an amalgam of styles	様式の混合物
amass	動	蓄積する	amass a fortune	財産を蓄積する
ambiguous	形	曖昧な	ambiguous wording	曖昧な言い回し
ambivalent	形	相反する感情の	ambivalent attitude	相反する態度
amenity	名	快適さ	urban amenity	都市の快適さ
amiable	形	愛嬌のある	amiable colleague	愛嬌のある同僚
amicable	形	友好的な	amicable settlement	友好的な解決
amorphous	形	不定形の	amorphous mass	不定形の塊
anachronism	名	時代錯誤	historical anachronism	歴史上の時代錯誤
analogy	名	類推	by analogy	類推によって
anarchy	名	無政府状態	slide into anarchy	無政府状態に陥る
anecdote	名	逸話	amusing anecdote	面白い逸話
anguish	名	苦悩	mental anguish	精神的苦悩
animate	動	活気づける	animate a discussion	議論を活気づける
annex	動	併合する	annex territory	領土を併合する
annihilate	動	全滅させる	annihilate an army	軍を全滅させる
anomaly	名	異常	statistical anomaly	統計上の異常
antagonism	名	敵対	class antagonism	階級的敵対
anthology	名	選集	poetry anthology	詩の選集
antidote	名	解毒剤	antidote to despair	絶望への解毒剤
antipathy	名	反感	deep antipathy	深い反感
antiquated	形	時代遅れの	antiquated method	時代遅れの方法
antithesis	名	正反対	antithesis of liberty	自由の正反対
apathy	名	無関心	political apathy	政治的無関心
apex	名	頂点	the apex of power	権力の頂点
appall	動	ぞっとさせる	appall the public	大衆をぞっとさせる
apparatus	名	装置	breathing apparatus	呼吸装置
appease	動	なだめる	appease a critic	批評家をなだめる
appendix	名	付録	see the appendix	付録を見よ
applaud	動	拍手する	applaud a speech	演説に拍手する
applicable	形	適用できる	applicable rule	適用できる規則
apprehensive	形	危惧して	apprehensive about war	戦争を危惧して
aptitude	名	適性	linguistic aptitude	言語適性
arable	形	耕作可能な	arable land	耕作可能な土地
arcane	形	難解な	arcane knowledge	難解な知識
archaic	形	古風な	archaic word	古風な語
archetype	名	原型	literary archetype	文学上の原型
archive	名	文書保管所	national archive	国立文書保管所
ardent	形	熱心な	ardent supporter	熱心な支持者
arduous	形	骨の折れる	arduous task	骨の折れる課題
arid	形	乾燥した	arid climate	乾燥した気候
aristocracy	名	貴族階級	landed aristocracy	土地持ちの貴族階級
aroma	名	芳香	coffee aroma	コーヒーの芳香
articulate	動	明確に述べる	articulate a view	見解を明確に述べる
artisan	名	職人	skilled artisan	熟練した職人
ascend	動	上昇する	ascend a mountain	山を上昇する
ascertain	動	確かめる	ascertain the facts	事実を確かめる
ascribe	動	帰する	ascribe to chance	偶然に帰する
aspiration	名	熱望	career aspiration	経歴への熱望
assimilate	動	同化させる	assimilate immigrants	移民を同化させる
assuage	動	和らげる	assuage grief	悲嘆を和らげる
astute	形	機敏な	astute observer	機敏な観察者
atrophy	動	萎縮する	muscles atrophy	筋肉が萎縮する
atrocity	名	残虐行為	wartime atrocity	戦時の残虐行為
audacious	形	大胆な	audacious plan	大胆な計画
augment	動	増大する	augment income	所得を増大する
auspicious	形	幸先のよい	auspicious start	幸先のよい始まり
austere	形	質素な	austere lifestyle	質素な生活様式
authoritarian	形	権威主義の	authoritarian regime	権威主義体制
autonomous	形	自治の	autonomous region	自治地域
avarice	名	強欲	human avarice	人間の強欲
avenge	動	仇を討つ	avenge a defeat	敗北の仇を討つ
aversion	名	嫌悪	aversion to risk	リスクへの嫌悪
avid	形	熱心な	avid reader	熱心な読者
awe	名	畏敬	in awe of	〜を畏敬して
axiom	名	自明の理	basic axiom	基本的な自明の理
baffle	動	当惑させる	baffle experts	専門家を当惑させる
banal	形	陳腐な	banal comment	陳腐な論評
banish	動	追放する	banish a fear	恐れを追放する
barren	形	不毛の	barren land	不毛の土地
belated	形	遅れた	belated apology	遅れた謝罪
belittle	動	見くびる	belittle an effort	努力を見くびる
belligerent	形	好戦的な	belligerent tone	好戦的な口調
benefactor	名	恩人	anonymous benefactor	匿名の恩人
benevolent	形	慈悲深い	benevolent ruler	慈悲深い支配者
bequeath	動	遺贈する	bequeath a fortune	財産を遺贈する
berate	動	叱責する	berate a staffer	職員を叱責する
beseech	動	懇願する	beseech for mercy	慈悲を懇願する
bestow	動	授ける	bestow an honor	名誉を授ける
bewilder	動	当惑させる	bewilder a reader	読者を当惑させる
bilateral	形	二国間の	bilateral treaty	二国間条約
bizarre	形	奇妙な	bizarre coincidence	奇妙な符合
bland	形	味気ない	bland statement	味気ない声明
blatant	形	露骨な	blatant lie	露骨な嘘
bleak	形	荒涼とした	bleak outlook	荒涼とした見通し
blight	名	荒廃	urban blight	都市の荒廃
bliss	名	至福	pure bliss	純粋な至福
blunt	形	率直な	blunt criticism	率直な批判
bogus	形	偽の	bogus claim	偽の主張
bolster	動	強化する	bolster confidence	信頼を強化する
bombard	動	砲撃する	bombard with questions	質問を浴びせる
boon	名	恩恵	a great boon	大きな恩恵
bourgeois	形	中産階級の	bourgeois values	中産階級の価値観
boycott	動	ボイコットする	boycott a product	製品をボイコットする
brace	動	構える	brace for impact	衝撃に構える
breach	名	違反	breach of trust	信頼の違反
brevity	名	簡潔さ	for brevity	簡潔さのために
bribe	名	賄賂	accept a bribe	賄賂を受け取る
brink	名	瀬戸際	on the brink	瀬戸際で
brittle	形	もろい	brittle bone	もろい骨
browse	動	拾い読みする	browse a catalog	目録を拾い読みする
brutal	形	残忍な	brutal regime	残忍な体制
buffer	名	緩衝	buffer zone	緩衝地帯
buoyant	形	活気のある	buoyant market	活気のある市場
burgeon	動	急成長する	burgeon rapidly	急速に急成長する
bypass	動	迂回する	bypass a rule	規則を迂回する
calamity	名	惨事	natural calamity	自然の惨事
callous	形	冷淡な	callous remark	冷淡な発言
camouflage	名	偽装	military camouflage	軍事偽装
candid	形	率直な	candid opinion	率直な意見
candor	名	率直さ	refreshing candor	さわやかな率直さ
capitulate	動	降伏する	capitulate to pressure	圧力に降伏する
capricious	形	気まぐれな	capricious weather	気まぐれな天候
captivate	動	魅了する	captivate an audience	聴衆を魅了する
cardinal	形	主要な	cardinal rule	主要な規則
carnage	名	大虐殺	scene of carnage	大虐殺の現場
casualty	名	死傷者	civilian casualty	民間人の死傷者
catalyst	名	触媒	a catalyst for change	変化の触媒
categorical	形	断定的な	categorical denial	断定的な否定
cater	動	応える	cater to demand	需要に応える
caustic	形	痛烈な	caustic wit	痛烈な機知
censor	動	検閲する	censor a film	映画を検閲する
censure	動	非難する	censure a politician	政治家を非難する
census	名	国勢調査	national census	国勢調査
cerebral	形	知的な	cerebral debate	知的な討論
certify	動	証明する	certify a document	文書を証明する
chagrin	名	無念	to one's chagrin	無念なことに
characterize	動	特徴づける	characterize an era	時代を特徴づける
charter	名	憲章	a royal charter	王室憲章
chasm	名	深い溝	ideological chasm	思想の深い溝
chastise	動	厳しく罰する	chastise a child	子供を厳しく罰する
cherish	動	大切にする	cherish a memory	記憶を大切にする
chronic	形	慢性の	chronic shortage	慢性的不足
chronicle	名	年代記	medieval chronicle	中世の年代記
circulate	動	循環する	circulate a memo	回覧を循環させる
circumspect	形	慎重な	circumspect approach	慎重な取り組み
circumvent	動	回避する	circumvent a ban	禁止を回避する
civic	形	市民の	civic duty	市民の義務
clamor	名	騒ぎ	public clamor	大衆の騒ぎ
clash	名	衝突	cultural clash	文化的衝突
climax	名	頂点	dramatic climax	劇的な頂点
cling	動	執着する	cling to hope	希望に執着する
coalition	名	連合	ruling coalition	与党連合
coarse	形	粗い	coarse language	粗い言葉
coerce	動	強制する	coerce a confession	自白を強制する
coexist	動	共存する	coexist peacefully	平和に共存する
cogent	形	説得力のある	cogent argument	説得力のある議論
cognitive	形	認知の	cognitive science	認知科学
coherent	形	首尾一貫した	coherent theory	首尾一貫した理論
cohesive	形	結束した	cohesive group	結束した集団
coincide	動	一致する	coincide with a date	日付と一致する
collaborate	動	共同する	collaborate on research	研究で共同する
collide	動	衝突する	collide with a truck	トラックと衝突する
colloquial	形	口語の	colloquial speech	口語の話し方
colonize	動	植民地化する	colonize an island	島を植民地化する
colossal	形	巨大な	colossal statue	巨大な像
commemorate	動	記念する	commemorate a victory	勝利を記念する
commence	動	開始する	commence a trial	裁判を開始する
commend	動	賞賛する	commend a worker	労働者を賞賛する
commensurate	形	釣り合った	commensurate with risk	リスクと釣り合った
commodity	名	商品	agricultural commodity	農産商品
commonplace	形	ありふれた	commonplace idea	ありふれた考え
commotion	名	騒動	street commotion	街頭の騒動
communal	形	共同の	communal land	共同の土地
commute	動	通勤する	commute to work	仕事へ通勤する
compact	形	小型の	compact device	小型の装置
comparable	形	比較できる	comparable data	比較できる資料
compassion	名	思いやり	show compassion	思いやりを示す
compensate	動	補償する	compensate a victim	犠牲者を補償する
compile	動	編纂する	compile a list	一覧を編纂する
complacent	形	自己満足の	complacent attitude	自己満足の態度
complexion	名	顔色	pale complexion	青ざめた顔色
compliance	名	遵守	in compliance with	〜を遵守して
component	名	構成要素	key component	重要な構成要素
compulsory	形	強制的な	compulsory education	強制教育
conceit	名	うぬぼれ	intellectual conceit	知的うぬぼれ
conceive	動	構想する	conceive a plan	計画を構想する
concession	名	譲歩	make a concession	譲歩する
concise	形	簡潔な	concise summary	簡潔な要約
concoct	動	でっちあげる	concoct a story	話をでっちあげる
concur	動	同意する	concur with a view	見解に同意する
condense	動	凝縮する	condense a report	報告書を凝縮する
condone	動	黙認する	condone violence	暴力を黙認する
conducive	形	助長する	conducive to growth	成長を助長する
confide	動	打ち明ける	confide a secret	秘密を打ち明ける
confiscate	動	没収する	confiscate goods	商品を没収する
conglomerate	名	巨大複合企業	media conglomerate	報道の巨大複合企業
congregate	動	集まる	congregate in a hall	会場に集まる
conjecture	名	推測	mere conjecture	単なる推測
connotation	名	含み	negative connotation	否定的な含み
conquer	動	征服する	conquer a fear	恐れを征服する
conscientious	形	良心的な	conscientious worker	良心的な労働者
conserve	動	保全する	conserve energy	エネルギーを保全する
consolidate	動	統合する	consolidate power	権力を統合する
conspicuous	形	目立った	conspicuous absence	目立った欠席
conspiracy	名	陰謀	political conspiracy	政治的陰謀
constrain	動	制約する	constrain growth	成長を制約する
construe	動	解釈する	construe a remark	発言を解釈する
contagious	形	伝染性の	contagious disease	伝染性の疾病
contaminate	動	汚染する	contaminate water	水を汚染する
contemplate	動	熟考する	contemplate a move	行動を熟考する
contempt	名	軽蔑	in contempt of	〜を軽蔑して
contention	名	主張	main contention	主要な主張
contingent	形	条件次第の	contingent on funding	資金次第の
convene	動	召集する	convene a meeting	会合を召集する
converge	動	収束する	converge on a point	一点に収束する
converse	動	会話する	converse with a guest	客と会話する
convict	動	有罪とする	convict a defendant	被告を有罪とする
conviction	名	確信	strong conviction	強い確信
copious	形	豊富な	copious notes	豊富なメモ
cordial	形	心からの	cordial welcome	心からの歓迎
correlate	動	相関する	correlate with income	所得と相関する
corroborate	動	裏づける	corroborate a claim	主張を裏づける
corrode	動	腐食する	corrode metal	金属を腐食する
cosmic	形	宇宙の	cosmic scale	宇宙的規模
cosmopolitan	形	国際的な	cosmopolitan city	国際的な都市
counteract	動	対抗する	counteract a trend	傾向に対抗する
counterpart	名	相当する相手	foreign counterpart	外国の相当する相手
covert	形	秘密の	covert operation	秘密作戦
covet	動	渇望する	covet power	権力を渇望する
credence	名	信用	give credence to	〜を信用する
credible	形	信頼できる	credible source	信頼できる情報源
culminate	動	頂点に達する	culminate in victory	勝利で頂点に達する
culprit	名	犯人	the main culprit	主要な犯人
cumulative	形	累積の	cumulative effect	累積効果
cunning	形	狡猾な	cunning plan	狡猾な計画
curb	動	抑制する	curb inflation	インフレを抑制する
currency	名	通貨	foreign currency	外国通貨
curriculum	名	教育課程	national curriculum	国家教育課程
cynical	形	冷笑的な	cynical view	冷笑的な見解
daunt	動	ひるませる	daunt a beginner	初心者をひるませる
dearth	名	不足	dearth of evidence	証拠の不足
debacle	名	大失敗	financial debacle	財政上の大失敗
debris	名	残骸	storm debris	嵐の残骸
debut	名	初登場	make a debut	初登場する
decipher	動	解読する	decipher a code	暗号を解読する
decisive	形	決定的な	decisive victory	決定的な勝利
deduce	動	推論する	deduce a cause	原因を推論する
deem	動	みなす	deem it necessary	必要とみなす
default	名	債務不履行	in default of	〜がない場合に
defer	動	延期する	defer a decision	決定を延期する
defiance	名	反抗	in defiance of	〜に反抗して
deficient	形	不足した	deficient in iron	鉄が不足した
deficit	名	赤字	budget deficit	予算赤字
definitive	形	決定的な	definitive study	決定的な研究
defy	動	無視する	defy an order	命令を無視する
degenerate	動	退化する	degenerate into chaos	混乱に退化する
degrade	動	品位を落とす	degrade the environment	環境の品位を落とす
delegate	動	委任する	delegate authority	権限を委任する
delineate	動	輪郭を描く	delineate a boundary	境界の輪郭を描く
demolish	動	取り壊す	demolish a building	建物を取り壊す
denote	動	示す	denote a change	変化を示す
denounce	動	糾弾する	denounce a crime	犯罪を糾弾する
deplete	動	枯渇させる	deplete a resource	資源を枯渇させる
deplore	動	遺憾に思う	deplore violence	暴力を遺憾に思う
deploy	動	展開する	deploy troops	部隊を展開する
deputy	名	代理	deputy director	所長代理
deride	動	嘲笑する	deride a proposal	提案を嘲笑する
designate	動	指定する	designate a site	場所を指定する
desolate	形	荒廃した	desolate landscape	荒廃した風景
despise	動	軽蔑する	despise cruelty	残酷さを軽蔑する
destitute	形	貧困の	destitute family	貧困の家族
detach	動	切り離す	detach a unit	部隊を切り離す
detain	動	拘束する	detain a suspect	容疑者を拘束する
deter	動	抑止する	deter crime	犯罪を抑止する
deteriorate	動	悪化する	deteriorate rapidly	急速に悪化する
detest	動	嫌悪する	detest injustice	不正を嫌悪する
detract	動	減じる	detract from value	価値を減じる
detriment	名	損害	to the detriment of	〜の損害となって
devastate	動	荒廃させる	devastate a region	地域を荒廃させる
deviate	動	逸脱する	deviate from a path	道から逸脱する
devise	動	考案する	devise a method	方法を考案する
devoid	形	欠けた	devoid of meaning	意味を欠いた
devour	動	むさぼり食う	devour a book	本をむさぼり読む
dilemma	名	板挟み	moral dilemma	道徳的板挟み
diligent	形	勤勉な	diligent student	勤勉な学生
dilute	動	薄める	dilute a solution	溶液を薄める
dire	形	差し迫った	dire warning	差し迫った警告
disable	動	使えなくする	disable a function	機能を使えなくする
discern	動	識別する	discern a pattern	型を識別する
disciple	名	弟子	loyal disciple	忠実な弟子
discourse	名	論説	public discourse	公の論説
discreet	形	慎重な	discreet inquiry	慎重な問い合わせ
discrepancy	名	不一致	a wide discrepancy	大きな不一致
discrete	形	別個の	discrete units	別個の単位
discretion	名	裁量	at one's discretion	裁量で
discriminate	動	差別する	discriminate against	〜を差別する
disdain	名	軽蔑	with disdain	軽蔑して
dismal	形	陰気な	dismal outlook	陰気な見通し
dismantle	動	解体する	dismantle a system	体系を解体する
dismay	名	落胆	to one's dismay	落胆して
disparage	動	けなす	disparage a rival	ライバルをけなす
disparate	形	異質な	disparate groups	異質な集団
dispel	動	追い払う	dispel a rumor	噂を追い払う
dispense	動	分配する	dispense justice	正義を分配する
disperse	動	散らす	disperse a crowd	群衆を散らす
displace	動	追い払う	displace workers	労働者を追い払う
disregard	動	無視する	disregard a warning	警告を無視する
dissect	動	解剖する	dissect an argument	議論を解剖する
disseminate	動	普及させる	disseminate information	情報を普及させる
dissent	名	異議	political dissent	政治的異議
dissipate	動	散逸する	dissipate heat	熱を散逸する
diverge	動	分岐する	diverge from a path	道から分岐する
divert	動	そらす	divert attention	注意をそらす
divine	形	神の	divine right	神授の権利
divulge	動	漏らす	divulge a secret	秘密を漏らす
docile	形	従順な	docile animal	従順な動物
doctrine	名	教義	legal doctrine	法的教義
dogmatic	形	独断的な	dogmatic view	独断的な見解
domain	名	領域	public domain	公有領域
dominate	動	支配する	dominate a market	市場を支配する
dormant	形	休眠中の	dormant volcano	休眠中の火山
dubious	形	疑わしい	dubious claim	疑わしい主張
duplicate	動	複製する	duplicate a file	ファイルを複製する
duration	名	期間	short duration	短い期間
dwindle	動	減少する	dwindle in number	数が減少する
dynamic	形	動的な	dynamic process	動的な過程
dynasty	名	王朝	ancient dynasty	古代王朝
earnest	形	真剣な	earnest request	真剣な要請
eccentric	形	風変わりな	eccentric genius	風変わりな天才
eclipse	動	覆い隠す	eclipse a rival	ライバルを覆い隠す
ecology	名	生態学	marine ecology	海洋生態学
ecosystem	名	生態系	fragile ecosystem	もろい生態系
edict	名	布告	royal edict	王の布告
elicit	動	引き出す	elicit a response	反応を引き出す
eligible	形	資格のある	eligible voter	資格のある有権者
elevate	動	高める	elevate status	地位を高める
eloquent	形	雄弁な	eloquent speaker	雄弁な話し手
elude	動	逃れる	elude capture	捕獲を逃れる
elusive	形	捉えがたい	elusive concept	捉えがたい概念
embark	動	乗り出す	embark on a project	事業に乗り出す
embed	動	埋め込む	embed a chip	チップを埋め込む
embody	動	体現する	embody an ideal	理想を体現する
emigrate	動	移住する	emigrate to Canada	カナダへ移住する
eminent	形	著名な	eminent scholar	著名な学者
emit	動	放出する	emit radiation	放射線を放出する
empathy	名	共感	show empathy	共感を示す
empirical	形	経験的な	empirical evidence	経験的証拠
empower	動	権限を与える	empower citizens	市民に権限を与える
emulate	動	見習う	emulate a mentor	指導者を見習う
enact	動	制定する	enact a law	法律を制定する
encompass	動	包含する	encompass a range	範囲を包含する
endeavor	名	努力	scientific endeavor	科学的努力
endemic	形	風土性の	endemic disease	風土病
endorse	動	支持する	endorse a candidate	候補を支持する
endow	動	寄贈する	endow a chair	講座を寄贈する
enigma	名	謎	historical enigma	歴史上の謎
enlighten	動	啓発する	enlighten the public	大衆を啓発する
enlist	動	協力を得る	enlist support	支援の協力を得る
ensue	動	続く	chaos will ensue	混乱が続く
entail	動	伴う	entail a risk	リスクを伴う
entity	名	実体	legal entity	法的実体
entrepreneur	名	起業家	young entrepreneur	若い起業家
envision	動	心に描く	envision a future	未来を心に描く
ephemeral	形	つかの間の	ephemeral fame	つかの間の名声
epic	名	叙事詩	national epic	国民叙事詩
episode	名	出来事	a brief episode	短い出来事
epitome	名	典型	epitome of grace	優美の典型
